"#","carat","cut","color","clarity","depth","table","price","x","y","z"
"1",0.23,"Ideal","E","SI2",61.5,55,326,3.95,3.98,2.43
"2",0.21,"Premium","E","SI1",59.8,61,326,3.89,3.84,2.31
"3",0.23,"Good","E","VS1",56.9,65,327,4.05,4.07,2.31
"4",0.29,"Premium","I","VS2",62.4,58,334,4.2,4.23,2.63
"5",0.31,"Good","J","SI2",63.3,58,335,4.34,4.35,2.75
"6",0.24,"Very Good","J","VVS2",62.8,57,336,3.94,3.96,2.48
"7",0.24,"Very Good","I","VVS1",62.3,57,336,3.95,3.98,2.47
"8",0.26,"Very Good","H","SI1",61.9,55,337,4.07,4.11,2.53
"9",0.22,"Fair","E","VS2",65.1,61,337,3.87,3.78,2.49
"10",0.23,"Very Good","H","VS1",59.4,61,338,4,4.05,2.39
"11",0.3,"Good","J","SI1",64,55,339,4.25,4.28,2.73
"12",0.23,"Ideal","J","VS1",62.8,56,340,3.93,3.9,2.46
"13",0.22,"Premium","F","SI1",60.4,61,342,3.88,3.84,2.33
"14",0.31,"Ideal","J","SI2",62.2,54,344,4.35,4.37,2.71
"15",0.2,"Premium","E","SI2",60.2,62,345,3.79,3.75,2.27
"16",0.32,"Premium","E","I1",60.9,58,345,4.38,4.42,2.68
"17",0.3,"Ideal","I","SI2",62,54,348,4.31,4.34,2.68
"18",0.3,"Good","J","SI1",63.4,54,351,4.23,4.29,2.7
"19",0.3,"Good","J","SI1",63.8,56,351,4.23,4.26,2.71
"20",0.3,"Very Good","J","SI1",62.7,59,351,4.21,4.27,2.66
"21",0.3,"Good","I","SI2",63.3,56,351,4.26,4.3,2.71
"22",0.23,"Very Good","E","VS2",63.8,55,352,3.85,3.92,2.48
"23",0.23,"Very Good","H","VS1",61,57,353,3.94,3.96,2.41
"24",0.31,"Very Good","J","SI1",59.4,62,353,4.39,4.43,2.62
"25",0.31,"Very Good","J","SI1",58.1,62,353,4.44,4.47,2.59
"26",0.23,"Very Good","G","VVS2",60.4,58,354,3.97,4.01,2.41
"27",0.24,"Premium","I","VS1",62.5,57,355,3.97,3.94,2.47
"28",0.3,"Very Good","J","VS2",62.2,57,357,4.28,4.3,2.67
"29",0.23,"Very Good","D","VS2",60.5,61,357,3.96,3.97,2.4
"30",0.23,"Very Good","F","VS1",60.9,57,357,3.96,3.99,2.42
"31",0.23,"Very Good","F","VS1",60,57,402,4,4.03,2.41
"32",0.23,"Very Good","F","VS1",59.8,57,402,4.04,4.06,2.42
"33",0.23,"Very Good","E","VS1",60.7,59,402,3.97,4.01,2.42
"34",0.23,"Very Good","E","VS1",59.5,58,402,4.01,4.06,2.4
"35",0.23,"Very Good","D","VS1",61.9,58,402,3.92,3.96,2.44
"36",0.23,"Good","F","VS1",58.2,59,402,4.06,4.08,2.37
"37",0.23,"Good","E","VS1",64.1,59,402,3.83,3.85,2.46
"38",0.31,"Good","H","SI1",64,54,402,4.29,4.31,2.75
"39",0.26,"Very Good","D","VS2",60.8,59,403,4.13,4.16,2.52
"40",0.33,"Ideal","I","SI2",61.8,55,403,4.49,4.51,2.78
"41",0.33,"Ideal","I","SI2",61.2,56,403,4.49,4.5,2.75
"42",0.33,"Ideal","J","SI1",61.1,56,403,4.49,4.55,2.76
"43",0.26,"Good","D","VS2",65.2,56,403,3.99,4.02,2.61
"44",0.26,"Good","D","VS1",58.4,63,403,4.19,4.24,2.46
"45",0.32,"Good","H","SI2",63.1,56,403,4.34,4.37,2.75
"46",0.29,"Premium","F","SI1",62.4,58,403,4.24,4.26,2.65
"47",0.32,"Very Good","H","SI2",61.8,55,403,4.35,4.42,2.71
"48",0.32,"Good","H","SI2",63.8,56,403,4.36,4.38,2.79
"49",0.25,"Very Good","E","VS2",63.3,60,404,4,4.03,2.54
"50",0.29,"Very Good","H","SI2",60.7,60,404,4.33,4.37,2.64
"51",0.24,"Very Good","F","SI1",60.9,61,404,4.02,4.03,2.45
"52",0.23,"Ideal","G","VS1",61.9,54,404,3.93,3.95,2.44
"53",0.32,"Ideal","I","SI1",60.9,55,404,4.45,4.48,2.72
"54",0.22,"Premium","E","VS2",61.6,58,404,3.93,3.89,2.41
"55",0.22,"Premium","D","VS2",59.3,62,404,3.91,3.88,2.31
"56",0.3,"Ideal","I","SI2",61,59,405,4.3,4.33,2.63
"57",0.3,"Premium","J","SI2",59.3,61,405,4.43,4.38,2.61
"58",0.3,"Very Good","I","SI1",62.6,57,405,4.25,4.28,2.67
"59",0.3,"Very Good","I","SI1",63,57,405,4.28,4.32,2.71
"60",0.3,"Good","I","SI1",63.2,55,405,4.25,4.29,2.7
"61",0.35,"Ideal","I","VS1",60.9,57,552,4.54,4.59,2.78
"62",0.3,"Premium","D","SI1",62.6,59,552,4.23,4.27,2.66
"63",0.3,"Ideal","D","SI1",62.5,57,552,4.29,4.32,2.69
"64",0.3,"Ideal","D","SI1",62.1,56,552,4.3,4.33,2.68
"65",0.42,"Premium","I","SI2",61.5,59,552,4.78,4.84,2.96
"66",0.28,"Ideal","G","VVS2",61.4,56,553,4.19,4.22,2.58
"67",0.32,"Ideal","I","VVS1",62,55.3,553,4.39,4.42,2.73
"68",0.31,"Very Good","G","SI1",63.3,57,553,4.33,4.3,2.73
"69",0.31,"Premium","G","SI1",61.8,58,553,4.35,4.32,2.68
"70",0.24,"Premium","E","VVS1",60.7,58,553,4.01,4.03,2.44
"71",0.24,"Very Good","D","VVS1",61.5,60,553,3.97,4,2.45
"72",0.3,"Very Good","H","SI1",63.1,56,554,4.29,4.27,2.7
"73",0.3,"Premium","H","SI1",62.9,59,554,4.28,4.24,2.68
"74",0.3,"Premium","H","SI1",62.5,57,554,4.29,4.25,2.67
"75",0.3,"Good","H","SI1",63.7,57,554,4.28,4.26,2.72
"76",0.26,"Very Good","F","VVS2",59.2,60,554,4.19,4.22,2.49
"77",0.26,"Very Good","E","VVS2",59.9,58,554,4.15,4.23,2.51
"78",0.26,"Very Good","D","VVS2",62.4,54,554,4.08,4.13,2.56
"79",0.26,"Very Good","D","VVS2",62.8,60,554,4.01,4.05,2.53
"80",0.26,"Very Good","E","VVS1",62.6,59,554,4.06,4.09,2.55
"81",0.26,"Very Good","E","VVS1",63.4,59,554,4,4.04,2.55
"82",0.26,"Very Good","D","VVS1",62.1,60,554,4.03,4.12,2.53
"83",0.26,"Ideal","E","VVS2",62.9,58,554,4.02,4.06,2.54
"84",0.38,"Ideal","I","SI2",61.6,56,554,4.65,4.67,2.87
"85",0.26,"Good","E","VVS1",57.9,60,554,4.22,4.25,2.45
"86",0.24,"Premium","G","VVS1",62.3,59,554,3.95,3.92,2.45
"87",0.24,"Premium","H","VVS1",61.2,58,554,4.01,3.96,2.44
"88",0.24,"Premium","H","VVS1",60.8,59,554,4.02,4,2.44
"89",0.24,"Premium","H","VVS2",60.7,58,554,4.07,4.04,2.46
"90",0.32,"Premium","I","SI1",62.9,58,554,4.35,4.33,2.73
"91",0.7,"Ideal","E","SI1",62.5,57,2757,5.7,5.72,3.57
"92",0.86,"Fair","E","SI2",55.1,69,2757,6.45,6.33,3.52
"93",0.7,"Ideal","G","VS2",61.6,56,2757,5.7,5.67,3.5
"94",0.71,"Very Good","E","VS2",62.4,57,2759,5.68,5.73,3.56
"95",0.78,"Very Good","G","SI2",63.8,56,2759,5.81,5.85,3.72
"96",0.7,"Good","E","VS2",57.5,58,2759,5.85,5.9,3.38
"97",0.7,"Good","F","VS1",59.4,62,2759,5.71,5.76,3.4
"98",0.96,"Fair","F","SI2",66.3,62,2759,6.27,5.95,4.07
"99",0.73,"Very Good","E","SI1",61.6,59,2760,5.77,5.78,3.56
"100",0.8,"Premium","H","SI1",61.5,58,2760,5.97,5.93,3.66
"101",0.75,"Very Good","D","SI1",63.2,56,2760,5.8,5.75,3.65
"102",0.75,"Premium","E","SI1",59.9,54,2760,6,5.96,3.58
"103",0.74,"Ideal","G","SI1",61.6,55,2760,5.8,5.85,3.59
"104",0.75,"Premium","G","VS2",61.7,58,2760,5.85,5.79,3.59
"105",0.8,"Ideal","I","VS1",62.9,56,2760,5.94,5.87,3.72
"106",0.75,"Ideal","G","SI1",62.2,55,2760,5.87,5.8,3.63
"107",0.8,"Premium","G","SI1",63,59,2760,5.9,5.81,3.69
"108",0.74,"Ideal","I","VVS2",62.3,55,2761,5.77,5.81,3.61
"109",0.81,"Ideal","F","SI2",58.8,57,2761,6.14,6.11,3.6
"110",0.59,"Ideal","E","VVS2",62,55,2761,5.38,5.43,3.35
"111",0.8,"Ideal","F","SI2",61.4,57,2761,5.96,6,3.67
"112",0.74,"Ideal","E","SI2",62.2,56,2761,5.8,5.84,3.62
"113",0.9,"Premium","I","VS2",63,58,2761,6.16,6.12,3.87
"114",0.74,"Very Good","G","SI1",62.2,59,2762,5.73,5.82,3.59
"115",0.73,"Ideal","F","VS2",62.6,56,2762,5.77,5.74,3.6
"116",0.73,"Ideal","F","VS2",62.7,53,2762,5.8,5.75,3.62
"117",0.8,"Premium","F","SI2",61.7,58,2762,5.98,5.94,3.68
"118",0.71,"Ideal","G","VS2",62.4,54,2762,5.72,5.76,3.58
"119",0.7,"Ideal","E","VS2",60.7,58,2762,5.73,5.76,3.49
"120",0.8,"Ideal","F","SI2",59.9,59,2762,6.01,6.07,3.62
"121",0.71,"Ideal","D","SI2",62.3,56,2762,5.73,5.69,3.56
"122",0.74,"Ideal","E","SI1",62.3,54,2762,5.8,5.83,3.62
"123",0.7,"Very Good","F","VS2",61.7,63,2762,5.64,5.61,3.47
"124",0.7,"Fair","F","VS2",64.5,57,2762,5.57,5.53,3.58
"125",0.7,"Fair","F","VS2",65.3,55,2762,5.63,5.58,3.66
"126",0.7,"Premium","F","VS2",61.6,60,2762,5.65,5.59,3.46
"127",0.91,"Premium","H","SI1",61.4,56,2763,6.09,5.97,3.7
"128",0.61,"Very Good","D","VVS2",59.6,57,2763,5.56,5.58,3.32
"129",0.91,"Fair","H","SI2",64.4,57,2763,6.11,6.09,3.93
"130",0.91,"Fair","H","SI2",65.7,60,2763,6.03,5.99,3.95
"131",0.77,"Ideal","H","VS2",62,56,2763,5.89,5.86,3.64
"132",0.71,"Very Good","D","SI1",63.6,58,2764,5.64,5.68,3.6
"133",0.71,"Ideal","D","SI1",61.9,59,2764,5.69,5.72,3.53
"134",0.7,"Very Good","E","VS2",62.6,60,2765,5.62,5.65,3.53
"135",0.77,"Very Good","H","VS1",61.3,60,2765,5.88,5.9,3.61
"136",0.63,"Premium","E","VVS1",60.9,60,2765,5.52,5.55,3.37
"137",0.71,"Very Good","F","VS1",60.1,62,2765,5.74,5.77,3.46
"138",0.71,"Premium","F","VS1",61.8,59,2765,5.69,5.73,3.53
"139",0.76,"Ideal","H","SI1",61.2,57,2765,5.88,5.91,3.61
"140",0.64,"Ideal","G","VVS1",61.9,56,2766,5.53,5.56,3.43
"141",0.71,"Premium","G","VS2",60.9,57,2766,5.78,5.75,3.51
"142",0.71,"Premium","G","VS2",59.8,56,2766,5.89,5.81,3.5
"143",0.7,"Very Good","D","VS2",61.8,55,2767,5.68,5.72,3.52
"144",0.7,"Very Good","F","VS1",60,57,2767,5.8,5.87,3.5
"145",0.71,"Ideal","D","SI2",61.6,55,2767,5.74,5.76,3.54
"146",0.7,"Good","H","VVS2",62.1,64,2767,5.62,5.65,3.5
"147",0.71,"Very Good","G","VS1",63.3,59,2768,5.52,5.61,3.52
"148",0.73,"Very Good","D","SI1",60.2,56,2768,5.83,5.87,3.52
"149",0.7,"Very Good","D","SI1",61.1,58,2768,5.66,5.73,3.48
"150",0.7,"Ideal","E","SI1",60.9,57,2768,5.73,5.76,3.5
"151",0.71,"Premium","D","SI2",61.7,59,2768,5.71,5.67,3.51
"152",0.74,"Ideal","I","SI1",61.3,56,2769,5.82,5.86,3.57
"153",0.71,"Premium","D","VS2",62.5,60,2770,5.65,5.61,3.52
"154",0.73,"Premium","G","VS2",61.4,59,2770,5.83,5.76,3.56
"155",0.76,"Very Good","F","SI1",62.9,57,2770,5.79,5.81,3.65
"156",0.76,"Ideal","D","SI2",62.4,57,2770,5.78,5.83,3.62
"157",0.71,"Ideal","F","SI1",60.7,56,2770,5.77,5.8,3.51
"158",0.73,"Premium","G","VS2",60.7,58,2770,5.87,5.82,3.55
"159",0.73,"Premium","G","VS1",61.5,58,2770,5.79,5.75,3.55
"160",0.73,"Ideal","D","SI2",59.9,57,2770,5.92,5.89,3.54
"161",0.73,"Premium","G","VS2",59.2,59,2770,5.92,5.87,3.49
"162",0.72,"Very Good","H","VVS2",60.3,56,2771,5.81,5.83,3.51
"163",0.73,"Very Good","F","SI1",61.7,60,2771,5.79,5.82,3.58
"164",0.71,"Ideal","G","VS2",61.9,57,2771,5.73,5.77,3.56
"165",0.79,"Ideal","F","SI2",61.9,55,2771,5.97,5.92,3.68
"166",0.73,"Very Good","H","VVS1",60.4,59,2772,5.83,5.89,3.54
"167",0.8,"Very Good","F","SI2",61,57,2772,6.01,6.03,3.67
"168",0.58,"Ideal","G","VVS1",61.5,55,2772,5.39,5.44,3.33
"169",0.58,"Ideal","F","VVS1",61.7,56,2772,5.33,5.37,3.3
"170",0.71,"Good","E","VS2",59.2,61,2772,5.8,5.88,3.46
"171",0.75,"Ideal","D","SI2",61.3,56,2773,5.85,5.89,3.6
"172",0.7,"Premium","D","VS2",58,62,2773,5.87,5.78,3.38
"173",1.17,"Very Good","J","I1",60.2,61,2774,6.83,6.9,4.13
"174",0.6,"Ideal","E","VS1",61.7,55,2774,5.41,5.44,3.35
"175",0.7,"Ideal","E","SI1",62.7,55,2774,5.68,5.74,3.58
"176",0.83,"Good","I","VS2",64.6,54,2774,5.85,5.88,3.79
"177",0.74,"Very Good","F","VS2",61.3,61,2775,5.8,5.84,3.57
"178",0.72,"Very Good","G","VS2",63.7,56.4,2776,5.62,5.69,3.61
"179",0.71,"Premium","E","VS2",62.7,58,2776,5.74,5.68,3.58
"180",0.71,"Ideal","E","VS2",62.2,57,2776,5.79,5.62,3.55
"181",0.54,"Ideal","E","VVS2",61.6,56,2776,5.25,5.27,3.24
"182",0.54,"Ideal","E","VVS2",61.5,57,2776,5.24,5.26,3.23
"183",0.72,"Ideal","G","SI1",61.8,56,2776,5.72,5.75,3.55
"184",0.72,"Ideal","G","SI1",60.7,56,2776,5.79,5.82,3.53
"185",0.72,"Good","G","VS2",59.7,60.5,2776,5.8,5.84,3.47
"186",0.71,"Ideal","G","SI1",60.5,56,2776,5.8,5.76,3.5
"187",0.7,"Very Good","D","VS1",62.7,58,2777,5.66,5.73,3.57
"188",0.71,"Premium","F","VS2",62.1,58,2777,5.67,5.7,3.53
"189",0.71,"Very Good","F","VS2",62.8,57,2777,5.64,5.69,3.56
"190",0.71,"Good","F","VS2",63.8,58,2777,5.61,5.64,3.59
"191",0.71,"Good","F","VS2",57.8,60,2777,5.87,5.9,3.4
"192",0.7,"Ideal","E","VS2",62.1,55,2777,5.7,5.67,3.53
"193",0.7,"Premium","E","VS2",61.1,60,2777,5.71,5.64,3.47
"194",0.7,"Premium","E","SI1",60,59,2777,5.79,5.75,3.46
"195",0.7,"Premium","E","SI1",61.2,57,2777,5.73,5.68,3.49
"196",0.7,"Premium","E","SI1",62.7,59,2777,5.67,5.63,3.54
"197",0.7,"Premium","E","SI1",61,57,2777,5.73,5.68,3.48
"198",0.7,"Premium","E","SI1",61,58,2777,5.78,5.72,3.51
"199",0.7,"Ideal","E","SI1",61.4,57,2777,5.76,5.7,3.52
"200",0.72,"Premium","F","SI1",61.8,61,2777,5.82,5.71,3.56
"201",0.7,"Very Good","E","SI1",59.9,63,2777,5.76,5.7,3.43
"202",0.7,"Premium","E","SI1",61.3,58,2777,5.71,5.68,3.49
"203",0.7,"Premium","E","SI1",60.5,58,2777,5.77,5.74,3.48
"204",0.7,"Good","E","VS2",64.1,59,2777,5.64,5.59,3.6
"205",0.98,"Fair","H","SI2",67.9,60,2777,6.05,5.97,4.08
"206",0.78,"Premium","F","SI1",62.4,58,2777,5.83,5.8,3.63
"207",0.7,"Very Good","E","SI1",63.2,60,2777,5.6,5.51,3.51
"208",0.52,"Ideal","F","VVS1",61.3,55,2778,5.19,5.22,3.19
"209",0.73,"Very Good","H","VS2",60.8,56,2779,5.82,5.84,3.55
"210",0.74,"Ideal","E","SI1",61.7,56,2779,5.84,5.8,3.59
"211",0.7,"Very Good","F","VS2",63.6,57,2780,5.61,5.65,3.58
"212",0.77,"Premium","G","VS2",61.2,58,2780,5.9,5.93,3.62
"213",0.71,"Ideal","F","VS2",62.1,54,2780,5.68,5.72,3.54
"214",0.74,"Ideal","G","VS1",61.5,55,2780,5.81,5.86,3.59
"215",0.7,"Ideal","G","VS1",61.4,59,2780,5.64,5.73,3.49
"216",1.01,"Premium","F","I1",61.8,60,2781,6.39,6.36,3.94
"217",0.77,"Ideal","H","SI1",62.2,56,2781,5.83,5.88,3.64
"218",0.78,"Ideal","H","SI1",61.2,56,2781,5.92,5.99,3.64
"219",0.72,"Very Good","H","VS1",60.6,63,2782,5.83,5.76,3.51
"220",0.53,"Very Good","D","VVS2",57.5,64,2782,5.34,5.37,3.08
"221",0.76,"Ideal","G","VS2",61.3,56,2782,5.9,5.94,3.63
"222",0.7,"Good","E","VS1",57.2,62,2782,5.81,5.77,3.31
"223",0.7,"Premium","E","VS1",62.9,60,2782,5.62,5.54,3.51
"224",0.75,"Very Good","D","SI2",63.1,58,2782,5.78,5.73,3.63
"225",0.72,"Ideal","D","SI1",60.8,57,2782,5.76,5.75,3.5
"226",0.72,"Premium","D","SI1",62.7,59,2782,5.73,5.69,3.58
"227",0.7,"Premium","D","SI1",62.8,60,2782,5.68,5.66,3.56
"228",0.84,"Fair","G","SI1",55.1,67,2782,6.39,6.2,3.47
"229",0.75,"Premium","F","SI1",61.4,59,2782,5.88,5.85,3.6
"230",0.52,"Ideal","F","IF",62.2,55,2783,5.14,5.18,3.21
"231",0.72,"Very Good","F","VS2",63,54,2784,5.69,5.73,3.6
"232",0.79,"Very Good","H","VS1",63.7,56,2784,5.85,5.92,3.75
"233",0.72,"Very Good","F","VS2",63.6,58,2787,5.66,5.69,3.61
"234",0.51,"Ideal","F","VVS1",62,57,2787,5.11,5.15,3.18
"235",0.64,"Ideal","D","VS1",61.5,56,2787,5.54,5.55,3.41
"236",0.7,"Very Good","H","VVS1",60.5,60,2788,5.74,5.77,3.48
"237",0.83,"Very Good","I","VS1",61.1,60,2788,6.07,6.1,3.72
"238",0.76,"Ideal","I","VVS2",61.8,56,2788,5.85,5.87,3.62
"239",0.71,"Good","D","VS2",63.3,56,2788,5.64,5.68,3.58
"240",0.77,"Good","G","VS1",59.4,64,2788,5.97,5.92,3.53
"241",0.71,"Ideal","F","SI1",62.5,55,2788,5.71,5.65,3.55
"242",1.01,"Fair","E","I1",64.5,58,2788,6.29,6.21,4.03
"243",1.01,"Premium","H","SI2",62.7,59,2788,6.31,6.22,3.93
"244",0.77,"Good","F","SI1",64.2,52,2789,5.81,5.77,3.72
"245",0.76,"Good","E","SI1",63.7,54,2789,5.76,5.85,3.7
"246",0.76,"Premium","E","SI1",60.4,58,2789,5.92,5.94,3.58
"247",0.76,"Premium","E","SI1",61.8,58,2789,5.82,5.86,3.61
"248",1.05,"Very Good","J","SI2",63.2,56,2789,6.49,6.45,4.09
"249",0.81,"Ideal","G","SI2",61.6,56,2789,5.97,6.01,3.69
"250",0.7,"Ideal","E","SI1",61.6,56,2789,5.72,5.75,3.53
"251",0.55,"Ideal","G","IF",60.9,57,2789,5.28,5.3,3.22
"252",0.81,"Good","G","SI2",61,61,2789,5.94,5.99,3.64
"253",0.63,"Premium","E","VVS2",62.1,57,2789,5.48,5.41,3.38
"254",0.63,"Premium","E","VVS1",60.9,60,2789,5.55,5.52,3.37
"255",0.77,"Premium","H","VS1",61.3,60,2789,5.9,5.88,3.61
"256",1.05,"Fair","J","SI2",65.8,59,2789,6.41,6.27,4.18
"257",0.64,"Ideal","G","IF",61.3,56,2790,5.54,5.58,3.41
"258",0.76,"Premium","I","VVS1",58.8,59,2790,6,5.94,3.51
"259",0.83,"Ideal","F","SI2",62.3,55,2790,6.02,6.05,3.76
"260",0.71,"Premium","F","VS1",60.1,62,2790,5.77,5.74,3.46
"261",0.71,"Premium","F","VS1",61.8,59,2790,5.73,5.69,3.53
"262",0.87,"Very Good","I","SI1",63.6,55.8,2791,6.07,6.1,3.87
"263",0.73,"Ideal","E","SI1",62.2,56,2791,5.74,5.78,3.58
"264",0.71,"Premium","E","SI1",59.2,59,2792,5.83,5.86,3.46
"265",0.71,"Premium","E","SI1",61.8,59,2792,5.7,5.75,3.54
"266",0.71,"Ideal","E","SI1",61.3,55,2792,5.72,5.77,3.52
"267",0.7,"Premium","F","VS1",62.1,60,2792,5.71,5.65,3.53
"268",0.7,"Premium","F","VS1",60.7,60,2792,5.78,5.75,3.5
"269",0.76,"Premium","H","VVS2",59.6,57,2792,5.91,5.86,3.51
"270",0.7,"Ideal","F","VS1",62.2,56,2792,5.73,5.68,3.55
"271",0.79,"Very Good","G","SI1",60.6,57,2793,5.98,6.06,3.65
"272",0.7,"Very Good","E","VS2",62.9,57,2793,5.66,5.69,3.57
"273",0.7,"Good","E","VS2",64.1,55,2793,5.6,5.66,3.61
"274",0.76,"Ideal","I","VS2",61.3,56,2793,5.87,5.91,3.61
"275",0.73,"Ideal","H","VS2",62.7,55,2793,5.72,5.76,3.6
"276",0.79,"Very Good","E","SI1",63.2,56,2794,5.91,5.86,3.72
"277",0.71,"Very Good","E","VS2",60.7,56,2795,5.81,5.82,3.53
"278",0.81,"Premium","I","VVS2",61.9,60,2795,5.91,5.86,3.64
"279",0.81,"Ideal","F","SI2",62.6,55,2795,5.92,5.96,3.72
"280",0.72,"Good","F","VS1",60.7,60,2795,5.74,5.72,3.48
"281",0.72,"Premium","D","SI2",62,60,2795,5.73,5.69,3.54
"282",0.72,"Premium","I","IF",63,57,2795,5.72,5.7,3.6
"283",0.81,"Premium","H","VS2",58,59,2795,6.17,6.13,3.57
"284",0.72,"Premium","G","VS2",62.9,57,2795,5.73,5.65,3.58
"285",1,"Premium","I","SI2",58.2,60,2795,6.61,6.55,3.83
"286",0.73,"Good","E","SI1",63.2,58,2796,5.7,5.76,3.62
"287",0.81,"Very Good","H","SI2",61.3,59,2797,5.94,6.01,3.66
"288",0.81,"Very Good","E","SI1",60.3,60,2797,6.07,6.1,3.67
"289",0.71,"Premium","D","SI1",62.7,60,2797,5.67,5.71,3.57
"290",0.71,"Premium","D","SI1",61.3,58,2797,5.73,5.75,3.52
"291",0.71,"Premium","D","SI1",61.6,60,2797,5.74,5.69,3.52
"292",0.57,"Ideal","F","VVS2",61.9,55,2797,5.34,5.35,3.31
"293",0.51,"Ideal","D","VVS1",61.7,56,2797,5.12,5.16,3.17
"294",0.72,"Ideal","G","VS2",61.9,58,2797,5.72,5.75,3.55
"295",0.74,"Ideal","H","VS1",61.8,58,2797,5.77,5.81,3.58
"296",0.74,"Ideal","H","VS1",61.6,56,2797,5.81,5.82,3.58
"297",0.7,"Fair","G","VVS1",58.8,66,2797,5.81,5.9,3.44
"298",0.8,"Premium","F","SI2",61,57,2797,6.03,6.01,3.67
"299",1.01,"Fair","E","SI2",67.4,60,2797,6.19,6.05,4.13
"300",0.8,"Very Good","H","VS2",63.4,60,2797,5.92,5.82,3.72
"301",0.77,"Ideal","I","VS1",61.5,59,2798,5.87,5.91,3.62
"302",0.83,"Very Good","E","SI2",58,62,2799,6.19,6.25,3.61
"303",0.82,"Ideal","F","SI2",62.4,54,2799,5.97,6.02,3.74
"304",0.78,"Ideal","D","SI1",61.9,57,2799,5.91,5.86,3.64
"305",0.6,"Very Good","G","IF",61.6,56,2800,5.43,5.46,3.35
"306",0.9,"Good","I","SI2",62.2,59,2800,6.07,6.11,3.79
"307",0.7,"Premium","E","VS1",62.2,58,2800,5.6,5.66,3.5
"308",0.9,"Very Good","I","SI2",61.3,56,2800,6.17,6.23,3.8
"309",0.83,"Ideal","G","SI1",62.3,57,2800,5.99,6.08,3.76
"310",0.83,"Ideal","G","SI1",61.8,57,2800,6.03,6.07,3.74
"311",0.83,"Very Good","H","SI1",62.5,59,2800,5.95,6.02,3.74
"312",0.74,"Premium","G","VS1",62.9,60,2800,5.74,5.68,3.59
"313",0.79,"Ideal","I","VS1",61.8,59,2800,5.92,5.95,3.67
"314",0.61,"Ideal","G","IF",62.3,56,2800,5.43,5.45,3.39
"315",0.76,"Fair","G","VS1",59,70,2800,5.89,5.8,3.46
"316",0.96,"Ideal","F","I1",60.7,55,2801,6.37,6.41,3.88
"317",0.73,"Ideal","F","VS2",62.5,55,2801,5.8,5.76,3.61
"318",0.73,"Premium","F","VS2",62.7,58,2801,5.76,5.7,3.59
"319",0.75,"Ideal","H","SI1",60.4,57,2801,5.93,5.96,3.59
"320",0.71,"Premium","F","VS2",62.1,58,2801,5.7,5.67,3.53
"321",0.71,"Good","F","VS2",57.8,60,2801,5.9,5.87,3.4
"322",0.71,"Good","F","VS2",63.8,58,2801,5.64,5.61,3.59
"323",0.71,"Premium","F","VS2",62.8,57,2801,5.69,5.64,3.56
"324",1.04,"Premium","G","I1",62.2,58,2801,6.46,6.41,4
"325",1,"Premium","J","SI2",62.3,58,2801,6.45,6.34,3.98
"326",0.87,"Very Good","G","SI2",59.9,58,2802,6.19,6.23,3.72
"327",0.53,"Ideal","F","IF",61.9,54,2802,5.22,5.25,3.24
"328",0.72,"Premium","E","VS2",63,55,2802,5.79,5.61,3.59
"329",0.72,"Premium","F","VS1",62.4,58,2802,5.83,5.7,3.6
"330",0.7,"Very Good","F","VS2",62.9,58,2803,5.63,5.65,3.55
"331",0.74,"Very Good","E","SI1",63.5,56,2803,5.74,5.79,3.66
"332",0.71,"Ideal","G","VS2",61.3,56,2803,5.75,5.71,3.51
"333",0.73,"Ideal","E","SI1",60.6,54,2803,5.84,5.89,3.55
"334",0.7,"Good","G","VS1",65.1,58,2803,5.56,5.59,3.63
"335",0.71,"Premium","F","VS2",62.6,58,2803,5.7,5.67,3.56
"336",0.71,"Premium","F","VS2",58,62,2803,5.85,5.81,3.38
"337",0.71,"Premium","G","VS1",62.4,61,2803,5.7,5.65,3.54
"338",0.77,"Premium","G","VS2",61.3,57,2803,5.93,5.88,3.62
"339",0.71,"Premium","G","VS2",59.9,60,2803,5.81,5.77,3.47
"340",0.78,"Premium","G","VS2",60.8,58,2803,6.03,5.95,3.64
"341",0.71,"Very Good","G","VS1",63.5,55,2803,5.66,5.64,3.59
"342",0.91,"Ideal","D","SI2",62.2,57,2803,6.21,6.15,3.85
"343",0.71,"Very Good","E","VS2",63.8,58,2804,5.62,5.66,3.6
"344",0.71,"Very Good","E","VS2",64,57,2804,5.66,5.68,3.63
"345",0.8,"Very Good","E","SI2",62.5,56,2804,5.88,5.96,3.7
"346",0.7,"Very Good","D","SI1",62.3,58,2804,5.69,5.73,3.56
"347",0.72,"Ideal","F","VS1",61.7,57,2804,5.74,5.77,3.55
"348",0.72,"Very Good","F","VS1",62.2,58,2804,5.75,5.7,3.56
"349",0.82,"Ideal","H","VS2",61.5,56,2804,6.01,6.08,3.72
"350",0.7,"Ideal","D","SI1",61,59,2804,5.68,5.7,3.47
"351",0.72,"Ideal","D","SI1",62.2,56,2804,5.74,5.77,3.58
"352",0.72,"Ideal","D","SI1",61.5,54,2804,5.77,5.8,3.56
"353",0.9,"Fair","I","SI1",67.3,59,2804,5.93,5.84,3.96
"354",0.74,"Premium","F","VS2",61.7,58,2805,5.85,5.78,3.59
"355",0.74,"Premium","F","VS2",61.9,56,2805,5.8,5.77,3.58
"356",0.73,"Ideal","E","SI2",61.8,58,2805,5.77,5.81,3.58
"357",0.57,"Fair","E","VVS1",58.7,66,2805,5.34,5.43,3.16
"358",0.73,"Premium","F","VS2",62.5,57,2805,5.75,5.7,3.58
"359",0.72,"Ideal","G","VS2",62.8,56,2805,5.74,5.7,3.59
"360",0.74,"Fair","F","VS2",61.1,68,2805,5.82,5.75,3.53
"361",0.82,"Good","G","VS2",64,57,2805,5.92,5.89,3.78
"362",0.81,"Very Good","G","SI1",62.5,60,2806,5.89,5.94,3.69
"363",0.75,"Very Good","H","VVS1",60.6,58,2806,5.85,5.9,3.56
"364",0.7,"Ideal","F","SI1",61.6,55,2806,5.72,5.74,3.53
"365",0.71,"Very Good","F","VS1",62.2,58,2807,5.66,5.72,3.54
"366",0.71,"Very Good","F","VS1",60,57,2807,5.84,5.9,3.52
"367",0.93,"Premium","J","SI2",61.9,57,2807,6.21,6.19,3.84
"368",0.8,"Very Good","H","VS2",62.8,57,2808,5.87,5.91,3.7
"369",0.7,"Very Good","F","VS1",62,57,2808,5.64,5.71,3.52
"370",1,"Fair","G","I1",66.4,59,2808,6.16,6.09,4.07
"371",0.75,"Very Good","G","VS2",63.4,56,2808,5.78,5.74,3.65
"372",0.58,"Ideal","E","VVS2",60.9,56,2808,5.41,5.43,3.3
"373",0.73,"Very Good","D","SI1",63.1,57,2808,5.74,5.7,3.61
"374",0.81,"Very Good","F","SI1",63.1,59,2809,5.85,5.79,3.67
"375",0.81,"Premium","D","SI2",59.2,57,2809,6.15,6.05,3.61
"376",0.71,"Premium","F","SI1",60.7,54,2809,5.84,5.8,3.53
"377",1.2,"Fair","F","I1",64.6,56,2809,6.73,6.66,4.33
"378",0.7,"Very Good","F","VS1",61.8,56,2810,5.63,5.7,3.5
"379",0.7,"Very Good","F","VS1",59.9,60,2810,5.77,5.84,3.48
"380",0.74,"Ideal","D","SI2",61.7,55,2810,5.81,5.85,3.6
"381",0.7,"Good","F","VS1",62.8,61,2810,5.57,5.61,3.51
"382",0.8,"Good","G","SI1",62.7,57,2810,5.84,5.93,3.69
"383",0.75,"Very Good","F","SI1",63.4,58,2811,5.72,5.76,3.64
"384",0.83,"Very Good","D","SI1",63.5,54,2811,5.98,5.95,3.79
"385",1,"Fair","J","VS2",65.7,59,2811,6.14,6.07,4.01
"386",0.99,"Fair","I","SI2",68.1,56,2811,6.21,6.06,4.18
"387",0.7,"Very Good","G","VS1",63,60,2812,5.57,5.64,3.53
"388",0.7,"Very Good","F","VS2",59.5,58,2812,5.75,5.85,3.45
"389",0.7,"Good","E","SI1",63.5,59,2812,5.49,5.53,3.5
"390",0.7,"Very Good","F","VS2",61.7,58,2812,5.63,5.69,3.49
"391",0.32,"Premium","I","SI1",62.7,58,554,4.37,4.34,2.73
"392",0.32,"Premium","I","SI1",62.8,58,554,4.39,4.34,2.74
"393",0.32,"Ideal","I","SI1",62.4,57,554,4.37,4.35,2.72
"394",0.32,"Premium","I","SI1",61,59,554,4.39,4.36,2.67
"395",0.32,"Very Good","I","SI1",63.1,56,554,4.39,4.36,2.76
"396",0.32,"Ideal","I","SI1",60.7,57,554,4.47,4.42,2.7
"397",0.3,"Premium","H","SI1",60.9,59,554,4.31,4.29,2.62
"398",0.3,"Premium","H","SI1",60.1,55,554,4.41,4.38,2.64
"399",0.3,"Premium","H","SI1",62.9,58,554,4.28,4.24,2.68
"400",0.3,"Very Good","H","SI1",63.3,56,554,4.29,4.27,2.71
"401",0.3,"Good","H","SI1",63.8,55,554,4.26,4.2,2.7
"402",0.3,"Ideal","H","SI1",62.9,57,554,4.27,4.22,2.67
"403",0.3,"Very Good","H","SI1",63.4,60,554,4.25,4.23,2.69
"404",0.32,"Good","I","SI1",63.9,55,554,4.36,4.34,2.78
"405",0.33,"Ideal","H","SI2",61.4,56,554,4.85,4.79,2.95
"406",0.29,"Very Good","E","VS1",61.9,55,555,4.28,4.33,2.66
"407",0.29,"Very Good","E","VS1",62.4,55,555,4.2,4.25,2.63
"408",0.31,"Very Good","F","SI1",61.8,58,555,4.32,4.35,2.68
"409",0.34,"Ideal","H","VS2",61.5,56,555,4.47,4.5,2.76
"410",0.34,"Ideal","H","VS2",60.4,57,555,4.54,4.57,2.75
"411",0.34,"Ideal","I","VS1",61.8,55,555,4.48,4.52,2.78
"412",0.34,"Ideal","I","VS1",62,56,555,4.5,4.53,2.8
"413",0.3,"Ideal","G","VS1",62.3,56,555,4.29,4.31,2.68
"414",0.29,"Ideal","F","VS1",61.6,56,555,4.26,4.31,2.64
"415",0.35,"Ideal","G","SI1",60.6,56,555,4.56,4.58,2.77
"416",0.43,"Very Good","E","I1",58.4,62,555,4.94,5,2.9
"417",0.32,"Very Good","F","VS2",61.4,58,556,4.37,4.42,2.7
"418",0.36,"Ideal","I","VS2",61.9,56,556,4.54,4.57,2.82
"419",0.3,"Ideal","G","VS2",62,56,556,4.28,4.3,2.66
"420",0.26,"Ideal","E","VS1",61.5,57,556,4.09,4.12,2.52
"421",0.7,"Very Good","F","VS2",62.3,58,2812,5.64,5.72,3.54
"422",0.7,"Very Good","F","VS2",60.9,61,2812,5.66,5.71,3.46
"423",0.71,"Ideal","D","SI1",62.4,57,2812,5.69,5.72,3.56
"424",0.99,"Fair","J","SI1",55,61,2812,6.72,6.67,3.68
"425",0.73,"Premium","E","VS2",58.6,60,2812,5.92,5.89,3.46
"426",0.51,"Ideal","F","VVS1",62,57,2812,5.15,5.11,3.18
"427",0.91,"Premium","G","SI2",59.8,58,2813,6.3,6.29,3.77
"428",0.84,"Very Good","E","SI1",63.4,55,2813,6,5.95,3.79
"429",0.91,"Good","I","VS2",64.3,58,2813,6.09,6.05,3.9
"430",0.76,"Premium","E","SI1",62.2,59,2814,5.86,5.81,3.63
"431",0.76,"Ideal","E","SI1",61.7,57,2814,5.88,5.85,3.62
"432",0.75,"Premium","E","SI1",61.1,59,2814,5.86,5.83,3.57
"433",0.55,"Very Good","D","VVS1",61.5,56,2815,5.23,5.27,3.23
"434",0.76,"Very Good","F","SI2",58.5,62,2815,5.93,6.01,3.49
"435",0.74,"Premium","G","VS1",61.7,58,2815,5.79,5.81,3.58
"436",0.7,"Ideal","H","SI1",60.4,56,2815,5.75,5.81,3.49
"437",0.7,"Ideal","H","SI1",61.4,56,2815,5.7,5.76,3.52
"438",0.7,"Ideal","H","SI1",61.5,55,2815,5.73,5.79,3.54
"439",0.7,"Ideal","H","SI1",61.4,56,2815,5.72,5.77,3.53
"440",0.9,"Fair","J","VS2",65,56,2815,6.08,6.04,3.94
"441",0.95,"Fair","F","SI2",56,60,2815,6.62,6.53,3.68
"442",0.89,"Premium","H","SI2",60.2,59,2815,6.26,6.23,3.76
"443",0.72,"Premium","E","VS2",58.3,58,2815,5.99,5.92,3.47
"444",0.96,"Fair","E","SI2",53.1,63,2815,6.73,6.65,3.55
"445",1.02,"Premium","G","I1",60.3,58,2815,6.55,6.5,3.94
"446",0.78,"Very Good","I","VVS2",61.4,56,2816,5.91,5.95,3.64
"447",0.61,"Ideal","G","VVS2",60.1,57,2816,5.52,5.54,3.32
"448",0.71,"Good","D","VS1",63.4,55,2816,5.61,5.69,3.58
"449",0.78,"Premium","F","SI1",61.5,59,2816,5.96,5.88,3.64
"450",0.87,"Ideal","H","SI2",62.7,56,2816,6.16,6.13,3.85
"451",0.83,"Ideal","H","SI1",62.5,55,2816,6.04,6,3.76
"452",0.71,"Premium","E","SI1",61.3,56,2817,5.78,5.73,3.53
"453",0.71,"Ideal","I","VVS2",60.2,56,2817,5.84,5.89,3.53
"454",0.71,"Ideal","E","VS2",62.7,57,2817,5.66,5.64,3.54
"455",0.71,"Premium","E","VS2",62.3,58,2817,5.69,5.65,3.53
"456",0.63,"Ideal","F","VVS2",61.5,56,2817,5.48,5.52,3.38
"457",0.71,"Premium","E","SI1",59.2,59,2817,5.86,5.83,3.46
"458",0.71,"Premium","E","SI1",61.8,59,2817,5.75,5.7,3.54
"459",0.71,"Ideal","E","SI1",61.3,55,2817,5.77,5.72,3.52
"460",0.71,"Premium","E","SI1",61.4,58,2817,5.77,5.73,3.53
"461",0.9,"Ideal","J","VS2",62.8,55,2817,6.2,6.16,3.88
"462",0.71,"Good","E","SI1",62.8,64,2817,5.6,5.54,3.5
"463",0.7,"Premium","E","VS2",62.4,61,2818,5.66,5.63,3.52
"464",0.7,"Premium","E","VS2",59.3,60,2818,5.78,5.73,3.41
"465",0.7,"Premium","E","VS2",63,60,2818,5.64,5.6,3.54
"466",1,"Premium","H","I1",61.3,60,2818,6.43,6.39,3.93
"467",0.86,"Premium","F","SI2",59.3,62,2818,6.36,6.22,3.73
"468",0.8,"Ideal","H","SI1",61,57,2818,6.07,6,3.68
"469",0.7,"Ideal","E","VS1",62.9,57,2818,5.66,5.61,3.54
"470",0.7,"Premium","E","VS1",59.6,57,2818,5.91,5.83,3.5
"471",0.7,"Premium","F","VS2",61.8,60,2818,5.69,5.64,3.5
"472",0.7,"Premium","E","VS1",62.7,57,2818,5.68,5.64,3.55
"473",1,"Fair","H","SI2",65.3,62,2818,6.34,6.12,4.08
"474",0.72,"Very Good","G","VS1",63.8,58,2819,5.64,5.68,3.61
"475",0.72,"Ideal","H","VS1",62.3,56,2819,5.73,5.77,3.58
"476",0.7,"Good","F","VS1",59.7,63,2819,5.76,5.79,3.45
"477",0.86,"Good","F","SI2",64.3,60,2819,5.97,5.95,3.83
"478",0.71,"Ideal","G","VS1",62.9,58,2820,5.66,5.69,3.57
"479",0.75,"Ideal","E","SI1",62,57,2821,5.8,5.78,3.59
"480",0.73,"Premium","E","VS2",61.6,59,2821,5.77,5.73,3.54
"481",0.53,"Ideal","E","VVS1",61.9,55,2821,5.2,5.21,3.22
"482",0.73,"Premium","E","SI1",61.3,58,2821,5.83,5.76,3.55
"483",0.73,"Good","E","SI1",63.6,57,2821,5.72,5.7,3.63
"484",0.73,"Premium","E","SI1",59.6,61,2821,5.92,5.85,3.51
"485",0.73,"Premium","E","SI1",62.2,59,2821,5.77,5.68,3.56
"486",0.73,"Premium","D","SI1",61.7,55,2821,5.84,5.82,3.6
"487",0.73,"Very Good","E","SI1",63.2,58,2821,5.76,5.7,3.62
"488",0.7,"Premium","E","VS1",60.8,60,2822,5.74,5.71,3.48
"489",0.72,"Premium","E","VS2",60.3,59,2822,5.84,5.8,3.51
"490",0.72,"Premium","E","VS2",60.9,60,2822,5.8,5.76,3.52
"491",0.72,"Premium","E","VS2",62.4,59,2822,5.77,5.7,3.58
"492",0.7,"Premium","E","VS2",60.2,60,2822,5.73,5.7,3.44
"493",0.6,"Ideal","F","VVS2",62,55,2822,5.37,5.4,3.34
"494",0.74,"Ideal","I","VVS1",60.8,57,2822,5.85,5.89,3.57
"495",0.73,"Ideal","F","SI1",62.1,55,2822,5.75,5.78,3.58
"496",0.71,"Premium","D","SI1",62.7,60,2822,5.71,5.67,3.57
"497",0.71,"Premium","D","SI1",61.3,58,2822,5.75,5.73,3.52
"498",0.7,"Premium","D","SI1",60.2,60,2822,5.82,5.75,3.48
"499",0.7,"Ideal","D","SI1",60.7,56,2822,5.75,5.72,3.48
"500",0.9,"Good","J","VS2",64,61,2822,6.04,6.03,3.86
"501",0.71,"Ideal","D","SI1",60.2,56,2822,5.86,5.83,3.52
"502",0.7,"Premium","E","VS2",61.5,59,2822,5.73,5.68,3.51
"503",0.7,"Premium","E","VS2",62.6,56,2822,5.71,5.66,3.56
"504",0.7,"Ideal","D","SI1",59.7,58,2822,5.82,5.77,3.46
"505",0.7,"Good","E","SI1",61.4,64,2822,5.71,5.66,3.49
"506",0.7,"Ideal","D","SI1",62.5,57,2822,5.62,5.59,3.51
"507",0.7,"Ideal","D","SI1",61.8,56,2822,5.73,5.63,3.51
"508",0.7,"Premium","E","VS2",60.7,62,2822,5.72,5.68,3.46
"509",0.7,"Premium","F","VS2",60.6,58,2822,5.8,5.72,3.49
"510",0.7,"Ideal","D","SI1",61.4,54,2822,5.75,5.71,3.52
"511",0.79,"Very Good","D","SI2",62.8,59,2823,5.86,5.9,3.69
"512",0.9,"Good","I","SI1",63.8,57,2823,6.06,6.13,3.89
"513",0.71,"Premium","E","VS2",62.3,58,2823,5.71,5.66,3.54
"514",0.61,"Ideal","E","VVS2",61.3,54,2823,5.51,5.59,3.4
"515",0.9,"Fair","H","SI2",65.8,54,2823,6.05,5.98,3.96
"516",0.71,"Ideal","E","SI1",60.5,56,2823,5.77,5.73,3.47
"517",0.71,"Premium","D","VS2",61.2,59,2824,5.74,5.69,3.5
"518",0.77,"Ideal","I","VVS2",62.1,57,2824,5.84,5.86,3.63
"519",0.74,"Good","E","VS1",63.1,58,2824,5.73,5.75,3.62
"520",0.82,"Ideal","F","SI2",62.4,54,2824,6.02,5.97,3.74
"521",0.82,"Premium","E","SI2",60.8,60,2824,6.05,6.03,3.67
"522",0.71,"Premium","G","VS1",62.2,59,2825,5.73,5.66,3.54
"523",0.83,"Premium","H","SI1",60,59,2825,6.08,6.05,3.64
"524",0.73,"Very Good","G","VS1",62,57,2825,5.75,5.8,3.58
"525",0.83,"Premium","H","SI1",62.5,59,2825,6.02,5.95,3.74
"526",1.17,"Premium","J","I1",60.2,61,2825,6.9,6.83,4.13
"527",0.91,"Fair","H","SI2",61.3,67,2825,6.24,6.19,3.81
"528",0.73,"Premium","E","VS1",62.6,60,2826,5.75,5.68,3.58
"529",0.7,"Good","E","VS1",57.2,59,2826,5.94,5.88,3.38
"530",0.9,"Premium","I","SI2",62.2,59,2826,6.11,6.07,3.79
"531",0.7,"Premium","E","VS1",62.2,58,2826,5.66,5.6,3.5
"532",0.7,"Very Good","D","VS2",63.3,56,2826,5.6,5.58,3.54
"533",0.7,"Premium","E","VS1",59.4,61,2826,5.78,5.74,3.42
"534",0.9,"Very Good","I","SI2",63.5,56,2826,6.17,6.07,3.88
"535",0.78,"Premium","F","SI1",60.8,60,2826,5.97,5.94,3.62
"536",0.96,"Ideal","F","I1",60.7,55,2826,6.41,6.37,3.88
"537",0.7,"Very Good","D","SI1",62.3,59,2827,5.67,5.7,3.54
"538",0.72,"Good","D","VS2",64,54,2827,5.68,5.7,3.64
"539",0.79,"Premium","H","VVS2",62.6,58,2827,5.96,5.9,3.71
"540",0.7,"Ideal","H","VVS1",61.6,57,2827,5.69,5.74,3.52
"541",0.7,"Ideal","H","VVS1",62.3,55,2827,5.66,5.7,3.54
"542",0.7,"Ideal","D","SI2",60.6,57,2828,5.74,5.77,3.49
"543",1.01,"Premium","H","SI2",61.6,61,2828,6.39,6.31,3.91
"544",0.72,"Premium","F","VS1",62.2,58,2829,5.75,5.7,3.56
"545",0.8,"Good","E","SI2",63.7,54,2829,5.91,5.87,3.75
"546",0.59,"Ideal","E","VVS1",62,56,2829,5.36,5.38,3.33
"547",0.72,"Ideal","F","VS1",61.7,57,2829,5.77,5.74,3.55
"548",0.75,"Premium","E","SI2",61.9,57,2829,5.88,5.82,3.62
"549",0.8,"Premium","E","SI2",60.2,57,2829,6.05,6.01,3.63
"550",0.71,"Very Good","E","VS2",62.7,59,2830,5.65,5.7,3.56
"551",0.77,"Very Good","H","SI1",61.7,56,2830,5.84,5.89,3.62
"552",0.97,"Ideal","F","I1",60.7,56,2830,6.41,6.43,3.9
"553",0.53,"Ideal","F","VVS1",60.9,57,2830,5.23,5.29,3.19
"554",0.53,"Ideal","F","VVS1",61.8,57,2830,5.16,5.19,3.2
"555",0.8,"Ideal","I","VS2",62.1,54.4,2830,5.94,5.99,3.7
"556",0.9,"Premium","G","SI1",60.6,62,2830,6.21,6.13,3.74
"557",0.76,"Very Good","E","SI2",60.8,60,2831,5.89,5.98,3.61
"558",0.72,"Ideal","E","SI1",62.3,57,2831,5.7,5.76,3.57
"559",0.75,"Ideal","E","SI1",61.4,57,2831,5.82,5.87,3.59
"560",0.72,"Premium","E","SI1",62.1,58,2831,5.73,5.76,3.57
"561",0.79,"Ideal","G","SI1",61.8,56,2831,5.93,5.91,3.66
"562",0.72,"Very Good","F","VS2",62.5,58,2832,5.71,5.75,3.58
"563",0.91,"Very Good","I","SI2",62.8,61,2832,6.15,6.18,3.87
"564",0.71,"Premium","G","VVS2",62.1,57,2832,5.75,5.65,3.54
"565",0.81,"Premium","G","SI1",63,60,2832,5.87,5.81,3.68
"566",0.82,"Ideal","H","SI1",62.5,57,2832,5.91,5.97,3.71
"567",0.71,"Premium","F","VS1",62.2,58,2832,5.72,5.66,3.54
"568",0.9,"Good","J","SI1",64.3,63,2832,6.05,6.01,3.88
"569",0.8,"Very Good","I","VS2",62,58,2833,5.86,5.95,3.66
"570",0.56,"Very Good","E","IF",61,59,2833,5.28,5.34,3.24
"571",0.7,"Very Good","D","VS2",59.6,61,2833,5.77,5.8,3.45
"572",0.7,"Ideal","D","VS2",61,57,2833,5.74,5.76,3.51
"573",0.61,"Ideal","F","VVS2",61.7,55,2833,5.45,5.48,3.37
"574",0.85,"Ideal","H","SI2",62.5,57,2833,6.02,6.07,3.78
"575",0.7,"Ideal","F","SI1",60.7,57,2833,5.73,5.75,3.49
"576",0.8,"Ideal","G","VS2",62.2,56,2834,5.94,5.87,3.67
"577",0.8,"Ideal","H","VS2",62.8,57,2834,5.91,5.87,3.7
"578",0.51,"Very Good","D","VVS1",59.9,58,2834,5.16,5.19,3.1
"579",0.53,"Ideal","F","VVS1",61.4,57,2834,5.2,5.23,3.2
"580",0.78,"Ideal","I","VS2",61.8,55,2834,5.92,5.95,3.67
"581",0.9,"Very Good","J","SI1",63.4,54,2834,6.17,6.14,3.9
"582",0.9,"Fair","G","SI2",65.3,59,2834,6.07,6,3.94
"583",0.77,"Ideal","E","SI2",60.7,55,2834,6.01,5.95,3.63
"584",0.73,"Ideal","F","VS1",61.2,56,2835,5.89,5.81,3.58
"585",0.63,"Ideal","F","VVS2",61.9,57,2835,5.47,5.51,3.4
"586",0.7,"Ideal","E","VS2",61.5,54,2835,5.7,5.75,3.52
"587",0.72,"Ideal","E","VS2",62.8,57,2835,5.71,5.73,3.59
"588",0.72,"Ideal","E","SI1",61,57,2835,5.78,5.8,3.53
"589",0.75,"Premium","F","VS2",59.6,59,2835,6.04,5.94,3.57
"590",0.82,"Very Good","H","SI1",60.7,56,2836,6.04,6.06,3.67
"591",0.71,"Good","E","VS2",62.8,60,2836,5.6,5.65,3.53
"592",0.7,"Premium","E","VS1",62.6,59,2837,5.69,5.66,3.55
"593",0.7,"Ideal","E","VS1",61.8,56,2837,5.74,5.69,3.53
"594",0.71,"Ideal","F","SI1",59.8,53,2838,5.86,5.82,3.49
"595",0.76,"Very Good","H","SI1",60.9,55,2838,5.92,5.94,3.61
"596",0.82,"Fair","F","SI1",64.9,58,2838,5.83,5.79,3.77
"597",0.72,"Premium","F","VS1",58.8,60,2838,5.91,5.89,3.47
"598",0.7,"Premium","F","VS2",62.3,58,2838,5.72,5.64,3.54
"599",0.7,"Premium","F","VS2",61.7,58,2838,5.69,5.63,3.49
"600",0.7,"Premium","G","VS1",62.6,55,2838,5.73,5.64,3.56
"601",0.7,"Premium","F","VS2",59.4,61,2838,5.83,5.79,3.45
"602",0.7,"Very Good","E","SI1",63.5,59,2838,5.53,5.49,3.5
"603",0.7,"Premium","F","VS2",60.9,61,2838,5.71,5.66,3.46
"604",0.7,"Premium","F","VS2",59.5,58,2838,5.85,5.75,3.45
"605",0.7,"Premium","G","VS1",63,60,2838,5.64,5.57,3.53
"606",0.74,"Very Good","E","SI1",60,57,2839,5.85,5.89,3.52
"607",0.71,"Ideal","F","VS1",61.5,57,2839,5.74,5.71,3.52
"608",0.7,"Ideal","F","VS1",61.6,54,2839,5.75,5.72,3.53
"609",0.71,"Ideal","F","VS1",62.1,55,2839,5.82,5.68,3.57
"610",0.71,"Premium","F","VS1",59.1,61,2839,5.84,5.81,3.44
"611",0.71,"Premium","F","VS1",59,60,2839,5.82,5.8,3.43
"612",0.71,"Premium","F","VS1",60.5,58,2839,5.75,5.72,3.47
"613",0.7,"Ideal","F","VS1",62.4,53,2839,5.73,5.71,3.57
"614",0.73,"Ideal","G","VS2",61.8,54,2839,5.8,5.82,3.59
"615",0.7,"Ideal","E","VS2",62.1,54,2839,5.69,5.72,3.54
"616",0.7,"Ideal","G","VS1",61.3,57,2839,5.71,5.74,3.51
"617",0.71,"Premium","G","VVS2",60.3,58,2839,5.82,5.78,3.5
"618",0.71,"Premium","F","VS1",59.2,58,2839,5.87,5.82,3.46
"619",0.79,"Premium","G","VS2",59.3,62,2839,6.09,6.01,3.59
"620",0.71,"Premium","F","VS1",62.7,59,2839,5.7,5.62,3.55
"621",0.77,"Very Good","H","VS1",61,60,2840,5.9,5.87,3.59
"622",0.75,"Very Good","F","SI2",59.8,56,2840,5.85,5.92,3.52
"623",0.7,"Ideal","F","SI1",61,56,2840,5.75,5.8,3.52
"624",0.71,"Premium","F","VS2",59.3,56,2840,5.88,5.82,3.47
"625",0.92,"Ideal","D","SI2",61.9,56,2840,6.27,6.2,3.86
"626",0.83,"Premium","F","SI2",61.4,59,2840,6.08,6.04,3.72
"627",0.7,"Premium","H","VVS1",59.2,60,2840,5.87,5.78,3.45
"628",0.73,"Premium","F","VS2",60.3,59,2841,5.9,5.87,3.55
"629",0.71,"Very Good","D","VS1",63.4,55,2841,5.69,5.61,3.58
"630",0.73,"Very Good","D","SI1",63.9,57,2841,5.66,5.71,3.63
"631",0.82,"Ideal","F","SI2",61.7,53,2841,6,6.12,3.74
"632",0.82,"Ideal","F","SI2",62.3,56,2841,5.96,6.02,3.73
"633",0.82,"Very Good","F","SI2",59.7,57,2841,6.12,6.14,3.66
"634",0.52,"Ideal","F","VVS1",61.2,56,2841,5.19,5.21,3.18
"635",1,"Premium","F","I1",58.9,60,2841,6.6,6.55,3.87
"636",0.95,"Fair","G","SI1",66.7,56,2841,6.16,6.03,4.06
"637",0.73,"Ideal","D","SI1",61.4,57,2841,5.76,5.8,3.55
"638",0.73,"Premium","F","VS2",59.9,59,2841,5.87,5.77,3.5
"639",0.73,"Premium","G","VS1",61.4,58,2841,5.82,5.77,3.56
"640",0.8,"Ideal","I","VS1",62.6,54,2842,5.92,5.96,3.72
"641",0.7,"Premium","F","VS2",58.7,61,2842,5.8,5.72,3.38
"642",0.7,"Very Good","E","VS2",60.2,62,2843,5.71,5.75,3.45
"643",0.7,"Very Good","E","VS2",62.7,58,2843,5.65,5.67,3.55
"644",0.71,"Very Good","E","VS2",59.4,58,2843,5.76,5.82,3.44
"645",0.81,"Very Good","F","SI2",63.2,58,2843,5.91,5.92,3.74
"646",0.71,"Very Good","D","SI1",61.5,58,2843,5.73,5.79,3.54
"647",0.73,"Ideal","G","VVS2",61.3,57,2843,5.81,5.84,3.57
"648",0.73,"Very Good","F","VS1",61.8,59,2843,5.73,5.79,3.56
"649",0.72,"Ideal","E","VS2",62,57,2843,5.71,5.74,3.55
"650",0.81,"Ideal","F","SI2",62.1,57,2843,5.91,5.95,3.68
"651",0.71,"Ideal","G","VVS2",60.7,57,2843,5.81,5.78,3.52
"652",0.73,"Very Good","E","SI1",57.7,61,2844,5.92,5.96,3.43
"653",0.7,"Very Good","E","VS1",62,59,2844,5.65,5.68,3.51
"654",1.01,"Ideal","I","I1",61.5,57,2844,6.45,6.46,3.97
"655",1.01,"Good","I","I1",63.1,57,2844,6.35,6.39,4.02
"656",0.79,"Ideal","H","VS2",62.5,57,2844,5.91,5.93,3.7
"657",0.7,"Very Good","E","VS2",61.8,59,2845,5.65,5.68,3.5
"658",0.7,"Very Good","E","VS2",58.9,60,2845,5.83,5.85,3.44
"659",0.8,"Good","H","VS2",63.4,60,2845,5.92,5.82,3.72
"660",1.27,"Premium","H","SI2",59.3,61,2845,7.12,7.05,4.2
"661",0.79,"Ideal","D","SI1",61.5,56,2846,5.96,5.91,3.65
"662",0.72,"Very Good","F","VS1",60.2,59,2846,5.79,5.84,3.5
"663",0.73,"Ideal","H","VVS2",61.6,56,2846,5.79,5.84,3.58
"664",1.01,"Fair","H","SI2",65.4,59,2846,6.3,6.26,4.11
"665",1.01,"Good","H","I1",64.2,61,2846,6.25,6.18,3.99
"666",0.73,"Ideal","E","SI1",59.1,59,2846,5.92,5.95,3.51
"667",0.7,"Ideal","E","SI1",61.6,57,2846,5.71,5.76,3.53
"668",0.7,"Good","F","VS2",59.1,61,2846,5.76,5.84,3.43
"669",0.77,"Premium","E","SI1",62.9,59,2846,5.84,5.79,3.66
"670",0.77,"Premium","G","VS2",61.3,60,2846,5.91,5.81,3.59
"671",0.77,"Premium","G","VS1",61.4,58,2846,5.94,5.89,3.63
"672",0.84,"Very Good","H","SI1",61.2,57,2847,6.1,6.12,3.74
"673",0.72,"Ideal","E","SI1",60.3,57,2847,5.83,5.85,3.52
"674",0.76,"Premium","D","SI1",61.1,59,2847,5.93,5.88,3.61
"675",0.7,"Very Good","G","VVS2",62.9,59,2848,5.61,5.68,3.55
"676",0.54,"Ideal","D","VVS2",61.5,55,2848,5.25,5.29,3.24
"677",0.75,"Fair","D","SI2",64.6,57,2848,5.74,5.72,3.7
"678",0.79,"Good","E","SI1",64.1,54,2849,5.86,5.84,3.75
"679",0.74,"Very Good","E","VS1",63.1,58,2849,5.75,5.73,3.62
"680",0.7,"Very Good","E","VS2",61,60,2850,5.74,5.77,3.51
"681",0.7,"Ideal","F","VS2",60.8,59,2850,5.69,5.79,3.49
"682",0.75,"Ideal","J","SI1",61.5,56,2850,5.83,5.87,3.6
"683",1.2,"Very Good","H","I1",63.1,60,2850,6.75,6.67,4.23
"684",0.8,"Very Good","F","SI1",63.4,57,2851,5.89,5.82,3.71
"685",0.66,"Ideal","D","VS1",62.1,56,2851,5.54,5.57,3.45
"686",0.87,"Very Good","F","SI2",61,63,2851,6.22,6.07,3.75
"687",0.86,"Premium","H","SI1",62.7,59,2851,6.04,5.98,3.77
"688",0.74,"Ideal","F","SI1",61,57,2851,5.85,5.81,3.56
"689",0.58,"Very Good","E","IF",60.6,59,2852,5.37,5.43,3.27
"690",0.78,"Ideal","I","VS1",61.5,57,2852,5.88,5.92,3.63
"691",0.74,"Ideal","G","SI1",61.3,55,2852,5.85,5.86,3.59
"692",0.73,"Ideal","E","SI1",62.7,55,2852,5.7,5.79,3.6
"693",0.91,"Very Good","I","SI1",63.5,57,2852,6.12,6.07,3.87
"694",0.71,"Premium","F","VS2",62.6,58,2853,5.67,5.7,3.56
"695",0.71,"Good","G","VS1",63.5,55,2853,5.64,5.66,3.59
"696",0.79,"Ideal","D","SI2",62.8,57,2853,5.9,5.85,3.69
"697",0.79,"Premium","D","SI2",60,60,2853,6.07,6.03,3.63
"698",0.71,"Premium","E","SI1",62.7,58,2853,5.73,5.66,3.57
"699",0.82,"Premium","I","VS1",61.9,58,2853,5.99,5.97,3.7
"700",0.78,"Very Good","H","VS1",61.9,57.1,2854,5.87,5.95,3.66
"701",0.7,"Very Good","E","VS1",62.4,56,2854,5.64,5.7,3.54
"702",1.12,"Premium","H","I1",59.1,61,2854,6.78,6.75,4
"703",0.73,"Premium","E","VS2",62,57,2854,5.86,5.76,3.6
"704",0.91,"Fair","J","VS2",64.4,62,2854,6.06,6.03,3.89
"705",0.91,"Fair","J","VS2",65.4,60,2854,6.04,6,3.94
"706",0.91,"Good","J","VS2",64.2,58,2854,6.12,6.09,3.92
"707",0.91,"Fair","H","SI1",65.8,58,2854,6.04,6.01,3.96
"708",0.7,"Premium","E","VS1",58.4,59,2854,5.91,5.83,3.43
"709",0.68,"Premium","F","VVS2",61.7,57,2854,5.67,5.64,3.49
"710",0.73,"Very Good","F","VS2",62.5,57,2855,5.7,5.75,3.58
"711",1.03,"Good","J","SI1",63.6,57,2855,6.38,6.29,4.03
"712",0.74,"Premium","D","VS2",62.4,57,2855,5.8,5.74,3.6
"713",0.98,"Fair","E","SI2",53.3,67,2855,6.82,6.74,3.61
"714",1.02,"Fair","I","SI1",53,63,2856,6.84,6.77,3.66
"715",1,"Fair","G","SI2",67.8,61,2856,5.96,5.9,4.02
"716",1.02,"Ideal","H","SI2",61.6,55,2856,6.49,6.43,3.98
"717",0.6,"Ideal","F","VVS2",60.8,57,2856,5.44,5.49,3.32
"718",0.8,"Ideal","G","SI2",61.6,56,2856,5.97,6.01,3.69
"719",0.97,"Ideal","F","I1",60.7,56,2856,6.43,6.41,3.9
"720",1,"Fair","I","SI1",67.9,62,2856,6.19,6.03,4.15
"721",0.26,"Ideal","E","VS1",62.3,57,556,4.05,4.08,2.53
"722",0.26,"Ideal","E","VS1",62.1,56,556,4.09,4.12,2.55
"723",0.36,"Ideal","H","SI1",61.9,55,556,4.57,4.59,2.83
"724",0.34,"Good","G","VS2",57.5,61,556,4.6,4.66,2.66
"725",0.34,"Good","E","SI1",63.3,57,556,4.44,4.47,2.82
"726",0.34,"Good","E","SI1",63.5,55,556,4.44,4.47,2.83
"727",0.34,"Good","E","SI1",63.4,55,556,4.44,4.46,2.82
"728",0.34,"Very Good","G","VS2",59.6,62,556,4.54,4.56,2.71
"729",0.34,"Ideal","E","SI1",62.2,54,556,4.47,4.5,2.79
"730",0.32,"Good","E","VS2",64.1,54,556,4.34,4.37,2.79
"731",0.31,"Ideal","I","VVS1",61.6,55,557,4.36,4.41,2.7
"732",0.31,"Ideal","I","VVS1",61.3,56,557,4.36,4.38,2.68
"733",0.31,"Ideal","I","VVS1",62.3,54,557,4.37,4.4,2.73
"734",0.31,"Ideal","I","VVS1",62,54,557,4.37,4.4,2.72
"735",0.31,"Ideal","I","VVS1",62.7,53,557,4.33,4.35,2.72
"736",0.31,"Ideal","I","VVS1",62.2,53,557,4.36,4.38,2.72
"737",0.31,"Ideal","G","VS2",62.2,53.6,557,4.32,4.35,2.7
"738",0.31,"Ideal","H","VS1",61.6,54.8,557,4.35,4.37,2.69
"739",0.31,"Ideal","H","VS1",61.8,54.2,557,4.33,4.37,2.69
"740",0.33,"Premium","G","SI2",59.4,59,557,4.52,4.5,2.68
"741",0.33,"Premium","F","SI2",62.3,58,557,4.43,4.4,2.75
"742",0.33,"Premium","G","SI2",62.6,58,557,4.42,4.4,2.76
"743",0.33,"Ideal","G","SI2",61.9,56,557,4.45,4.41,2.74
"744",0.33,"Premium","F","SI2",63,58,557,4.42,4.4,2.78
"745",0.33,"Premium","J","VS1",62.8,58,557,4.41,4.38,2.76
"746",0.33,"Premium","J","VS1",61.5,61,557,4.46,4.39,2.72
"747",0.33,"Ideal","J","VS1",62.1,55,557,4.44,4.41,2.75
"748",0.33,"Ideal","I","SI1",63,57,557,4.39,4.37,2.76
"749",0.33,"Good","I","SI1",63.6,53,557,4.43,4.4,2.81
"750",0.33,"Premium","I","SI1",60.4,59,557,4.54,4.5,2.73
"751",1,"Fair","H","SI2",66.1,56,2856,6.21,5.97,4.04
"752",0.77,"Premium","F","SI1",60.8,59,2856,5.92,5.86,3.58
"753",0.77,"Premium","F","SI1",61,58,2856,5.94,5.9,3.61
"754",0.7,"Good","E","VVS2",60.1,63,2857,5.68,5.71,3.42
"755",0.9,"Very Good","G","SI2",63.1,58,2857,6.08,6.02,3.82
"756",0.72,"Ideal","E","SI1",62.3,57,2857,5.76,5.7,3.57
"757",0.9,"Premium","I","VS2",61.9,59,2857,6.2,6.14,3.82
"758",0.72,"Premium","E","SI1",62.1,58,2857,5.76,5.73,3.57
"759",0.7,"Ideal","G","VVS2",62.1,56,2858,5.63,5.71,3.52
"760",0.81,"Very Good","F","SI1",61.3,57,2858,6.02,6.05,3.7
"761",0.81,"Very Good","F","SI1",61.7,57,2858,6,6.05,3.72
"762",0.71,"Premium","E","VS2",61,60,2858,5.76,5.69,3.49
"763",0.7,"Premium","E","VS2",61.4,59,2858,5.73,5.7,3.51
"764",0.71,"Premium","E","VS2",61.5,60,2858,5.76,5.68,3.52
"765",0.71,"Very Good","E","VS2",63.5,59,2858,5.68,5.59,3.58
"766",0.92,"Premium","J","SI1",62.9,58,2858,6.22,6.18,3.9
"767",0.76,"Ideal","E","SI1",62.7,54,2858,5.88,5.83,3.67
"768",0.73,"Ideal","D","SI1",61.5,56,2858,5.84,5.8,3.58
"769",0.71,"Premium","D","VS2",60.4,62,2858,5.74,5.72,3.46
"770",0.7,"Good","E","VVS2",63.6,62,2858,5.61,5.58,3.56
"771",0.9,"Fair","G","SI2",64.5,56,2858,6.06,6,3.89
"772",0.71,"Fair","D","VS2",56.9,65,2858,5.89,5.84,3.34
"773",0.7,"Ideal","D","VS2",61,57,2859,5.76,5.74,3.51
"774",0.7,"Premium","D","VS2",62.4,56,2859,5.72,5.66,3.55
"775",0.77,"Premium","F","VS1",60.9,60,2859,5.91,5.88,3.59
"776",0.71,"Ideal","G","VS1",61.5,56,2859,5.74,5.78,3.54
"777",0.7,"Premium","D","VS2",59.6,61,2859,5.8,5.77,3.45
"778",0.75,"Fair","F","VS1",55.8,70,2859,6.09,5.98,3.37
"779",0.83,"Premium","E","SI2",59.2,60,2859,6.17,6.12,3.64
"780",0.71,"Very Good","F","VS2",61.3,61,2860,5.68,5.73,3.5
"781",0.9,"Very Good","J","SI2",63.6,58,2860,6.07,6.1,3.87
"782",0.6,"Ideal","E","VVS2",61.9,54.9,2860,5.41,5.44,3.35
"783",0.71,"Premium","D","VS1",62.9,57,2860,5.66,5.6,3.54
"784",0.53,"Ideal","F","VVS1",61.4,57,2860,5.23,5.2,3.2
"785",0.71,"Premium","D","SI1",60.7,58,2861,5.95,5.78,3.56
"786",0.62,"Ideal","G","VVS2",61.6,56,2861,5.45,5.48,3.37
"787",0.62,"Ideal","G","VVS2",61.6,56,2861,5.48,5.51,3.38
"788",0.9,"Premium","I","SI1",63,58,2861,6.09,6.01,3.81
"789",0.62,"Fair","F","IF",60.1,61,2861,5.53,5.56,3.33
"790",0.82,"Premium","E","SI2",61.7,59,2861,6.01,5.98,3.7
"791",0.66,"Premium","D","VS1",61,58,2861,5.67,5.57,3.43
"792",0.7,"Very Good","D","SI1",62.5,55,2862,5.67,5.72,3.56
"793",0.8,"Very Good","F","SI1",62.6,58,2862,5.9,5.92,3.7
"794",0.8,"Very Good","D","SI2",62.5,59,2862,5.88,5.92,3.69
"795",0.79,"Premium","F","SI1",62.3,54,2862,5.97,5.91,3.7
"796",0.71,"Very Good","F","VVS1",63.2,60,2862,5.65,5.61,3.56
"797",0.7,"Ideal","H","VS2",61.1,57,2862,5.71,5.74,3.5
"798",0.7,"Very Good","E","VS2",58.7,63,2862,5.73,5.69,3.35
"799",0.79,"Premium","H","VS1",60,60,2862,6.07,5.99,3.64
"800",0.7,"Premium","E","VS2",59.5,59,2862,5.82,5.77,3.45
"801",1.22,"Premium","E","I1",60.9,57,2862,6.93,6.88,4.21
"802",1.01,"Fair","E","SI2",67.6,57,2862,6.21,6.11,4.18
"803",0.73,"Premium","E","VS2",62.5,61,2862,5.78,5.64,3.59
"804",0.91,"Good","I","VS2",64.3,58,2863,6.05,6.09,3.9
"805",0.71,"Ideal","D","SI1",60.8,56,2863,5.8,5.77,3.52
"806",0.83,"Premium","G","SI1",62.3,58,2863,6.01,5.97,3.73
"807",0.84,"Premium","F","SI2",62.3,59,2863,6.06,6.01,3.76
"808",0.71,"Premium","D","SI1",61,61,2863,5.82,5.75,3.53
"809",0.71,"Premium","D","SI1",59.7,59,2863,5.82,5.8,3.47
"810",0.71,"Premium","D","SI1",61.7,56,2863,5.8,5.68,3.54
"811",0.71,"Ideal","D","SI1",61.7,57,2863,5.75,5.7,3.53
"812",0.71,"Premium","D","SI1",61.4,58,2863,5.79,5.75,3.54
"813",0.71,"Premium","D","SI1",60.6,58,2863,5.79,5.77,3.5
"814",0.91,"Premium","J","SI1",59.5,62,2863,6.4,6.18,3.74
"815",0.9,"Premium","J","VS2",59.8,62,2863,6.24,6.21,3.72
"816",0.71,"Premium","H","VVS2",61.5,62,2863,5.74,5.68,3.51
"817",0.71,"Premium","E","SI1",59.1,61,2863,5.84,5.8,3.44
"818",0.72,"Ideal","F","VS2",59.5,57,2863,5.91,5.86,3.5
"819",0.72,"Premium","E","SI1",60.9,60,2863,5.78,5.74,3.51
"820",0.71,"Ideal","E","VS2",61,55,2863,5.79,5.75,3.52
"821",0.81,"Ideal","E","SI2",60.3,57,2864,6.07,6.04,3.65
"822",0.83,"Very Good","I","VS2",61.6,58,2865,6.05,6.07,3.73
"823",0.73,"Premium","D","SI1",60.8,55,2865,5.87,5.81,3.55
"824",0.56,"Very Good","D","VVS1",62,56,2866,5.25,5.3,3.27
"825",0.56,"Very Good","D","VVS1",61.8,55,2866,5.27,5.31,3.27
"826",0.71,"Ideal","E","VS1",62.2,55,2866,5.74,5.7,3.56
"827",0.7,"Ideal","H","VVS1",62.3,58,2866,5.66,5.7,3.54
"828",0.96,"Premium","I","SI1",61.3,58,2866,6.39,6.3,3.89
"829",0.71,"Very Good","H","VVS1",62.9,57,2867,5.67,5.69,3.57
"830",0.7,"Ideal","D","VS2",62.4,57,2867,5.68,5.61,3.52
"831",0.71,"Ideal","H","VVS1",60.4,57,2867,5.78,5.81,3.5
"832",0.8,"Premium","H","VS2",61.2,53,2867,6.05,5.98,3.68
"833",0.95,"Premium","F","SI2",58.4,57,2867,6.49,6.41,3.77
"834",0.82,"Ideal","F","SI2",62.3,56,2867,5.99,5.95,3.72
"835",0.52,"Ideal","F","VVS1",61.2,56,2867,5.21,5.19,3.18
"836",0.82,"Ideal","F","SI2",61.7,53,2867,6.12,6,3.74
"837",0.82,"Ideal","F","SI2",62.3,56,2867,6.02,5.96,3.73
"838",0.82,"Premium","F","SI2",59.7,57,2867,6.14,6.12,3.66
"839",0.8,"Ideal","G","SI1",61.3,57,2867,5.96,5.91,3.64
"840",0.96,"Fair","F","SI2",68.2,61,2867,6.07,5.88,4.1
"841",0.72,"Ideal","I","VS1",62.4,55,2868,5.72,5.75,3.58
"842",0.62,"Ideal","G","IF",60.5,57,2868,5.52,5.56,3.35
"843",0.79,"Premium","E","SI2",61,58,2868,5.96,5.9,3.62
"844",0.75,"Very Good","E","SI1",63.1,56,2868,5.78,5.7,3.62
"845",1.08,"Premium","D","I1",61.9,60,2869,6.55,6.48,4.03
"846",0.72,"Ideal","E","SI1",60.8,55,2869,5.77,5.84,3.53
"847",0.62,"Ideal","G","IF",61.8,56,2869,5.43,5.47,3.37
"848",0.73,"Ideal","G","VVS2",61.3,57,2869,5.84,5.81,3.57
"849",0.72,"Ideal","H","VVS2",60.9,57,2869,5.79,5.77,3.52
"850",0.52,"Premium","F","VVS2",61.8,60,2870,5.16,5.13,3.18
"851",0.83,"Ideal","E","SI2",62.2,57,2870,6,6.05,3.75
"852",0.64,"Premium","E","VVS2",62.1,58,2870,5.56,5.51,3.44
"853",0.8,"Ideal","G","SI1",62.5,57,2870,5.94,5.9,3.7
"854",0.74,"Ideal","H","SI1",62.1,56,2870,5.77,5.83,3.6
"855",0.72,"Ideal","F","SI1",61.5,56,2870,5.72,5.79,3.54
"856",0.82,"Ideal","H","VS2",59.5,57,2870,6.12,6.09,3.63
"857",0.73,"Premium","E","VS1",61.3,59,2870,5.81,5.78,3.55
"858",1.04,"Premium","I","I1",61.6,61,2870,6.47,6.45,3.98
"859",0.73,"Very Good","E","SI1",61.3,58,2871,5.76,5.83,3.55
"860",0.73,"Good","E","SI1",63.6,57,2871,5.7,5.72,3.63
"861",0.9,"Premium","J","SI1",62.8,59,2871,6.13,6.03,3.82
"862",0.75,"Ideal","I","SI1",61.8,55,2871,5.83,5.85,3.61
"863",0.79,"Ideal","G","SI1",62.6,55,2871,5.91,5.95,3.71
"864",0.7,"Good","D","SI1",62.5,56.7,2872,5.59,5.62,3.51
"865",0.75,"Very Good","D","SI1",60.7,55,2872,5.87,5.92,3.58
"866",1.02,"Ideal","I","I1",61.7,56,2872,6.44,6.49,3.99
"867",0.7,"Very Good","G","SI2",59,62,2872,5.79,5.81,3.42
"868",0.7,"Ideal","D","SI1",61.8,56,2872,5.63,5.73,3.51
"869",0.7,"Good","E","SI1",61.4,64,2872,5.66,5.71,3.49
"870",0.7,"Ideal","D","SI1",61.4,54,2872,5.71,5.75,3.52
"871",0.7,"Ideal","D","SI1",60.7,56,2872,5.72,5.75,3.48
"872",0.7,"Very Good","D","SI1",60.2,60,2872,5.75,5.82,3.48
"873",0.72,"Very Good","E","VS2",58.3,57,2872,5.89,5.94,3.45
"874",0.74,"Ideal","E","SI1",62.3,58,2872,5.74,5.78,3.59
"875",0.84,"Good","G","SI1",65.1,55,2872,5.88,5.97,3.86
"876",0.76,"Very Good","F","VS2",62,58,2873,5.8,5.86,3.62
"877",0.77,"Very Good","E","SI1",63.2,58,2873,5.8,5.84,3.68
"878",0.76,"Ideal","E","SI2",62.8,56,2873,5.78,5.82,3.64
"879",1,"Ideal","I","SI2",61.7,56,2873,6.45,6.41,3.97
"880",1,"Fair","H","SI1",65.5,62,2873,6.14,6.07,4
"881",0.9,"Fair","I","SI1",65.7,58,2873,6.03,6,3.95
"882",0.9,"Premium","J","SI1",61.8,58,2873,6.16,6.13,3.8
"883",0.9,"Good","J","SI1",64,61,2873,6,5.96,3.83
"884",0.9,"Fair","I","SI1",65.3,61,2873,5.98,5.94,3.89
"885",0.9,"Fair","I","SI1",65.8,56,2873,6.01,5.96,3.94
"886",0.9,"Premium","J","SI1",60.9,61,2873,6.26,6.22,3.8
"887",0.78,"Premium","F","VS2",62.6,58,2874,5.91,5.82,3.67
"888",0.71,"Premium","D","VS2",61.2,59,2874,5.69,5.74,3.5
"889",0.7,"Premium","F","VS1",59,59,2874,5.79,5.77,3.41
"890",0.7,"Premium","F","VS1",60.8,62,2874,5.71,5.67,3.46
"891",0.7,"Premium","G","VVS2",61.8,58,2874,5.67,5.63,3.49
"892",0.7,"Ideal","F","VS1",61,55,2874,5.77,5.73,3.51
"893",0.7,"Ideal","F","VS1",61.6,55,2874,5.75,5.71,3.53
"894",0.7,"Ideal","F","VS1",62.4,56,2874,5.69,5.65,3.54
"895",0.7,"Premium","G","VVS2",62.9,59,2874,5.68,5.61,3.55
"896",1,"Fair","H","SI2",67.7,60,2875,6.11,5.98,4.09
"897",0.77,"Ideal","H","SI1",62.4,56,2875,5.84,5.9,3.66
"898",1,"Fair","J","VS1",65.5,55,2875,6.3,6.25,4.11
"899",1,"Fair","I","SI1",66.3,61,2875,6.08,6.03,4.01
"900",1,"Fair","H","SI2",69.5,55,2875,6.17,6.1,4.26
"901",0.73,"Premium","E","VS1",62.6,60,2876,5.68,5.75,3.58
"902",0.79,"Premium","E","VS2",60.6,53,2876,6.04,5.98,3.64
"903",0.72,"Very Good","H","VS1",62.2,54,2877,5.74,5.76,3.57
"904",0.71,"Ideal","E","VS1",62.4,56,2877,5.75,5.7,3.57
"905",0.74,"Ideal","G","VS2",62.3,55,2877,5.8,5.83,3.62
"906",0.7,"Good","H","VVS1",62.7,56,2877,5.6,5.66,3.53
"907",0.7,"Good","F","VS1",59.1,62,2877,5.82,5.86,3.44
"908",0.79,"Very Good","F","SI1",62.8,59,2878,5.86,5.89,3.69
"909",0.79,"Very Good","F","SI1",62.7,60,2878,5.82,5.89,3.67
"910",0.79,"Very Good","D","SI2",59.7,58,2878,6,6.07,3.6
"911",0.71,"Ideal","I","VS2",61.5,55,2878,5.76,5.78,3.55
"912",0.79,"Ideal","F","SI1",62.8,56,2878,5.88,5.9,3.7
"913",0.73,"Very Good","F","SI1",61.4,56,2879,5.81,5.86,3.58
"914",0.63,"Premium","E","IF",60.3,62,2879,5.55,5.53,3.34
"915",0.7,"Premium","F","VS1",60.4,60,2879,5.73,5.7,3.45
"916",0.71,"Premium","F","VS1",62.7,58,2879,5.71,5.67,3.57
"917",0.84,"Ideal","G","SI2",61,56,2879,6.13,6.1,3.73
"918",0.84,"Ideal","G","SI2",62.3,55,2879,6.08,6.03,3.77
"919",1.02,"Ideal","J","SI2",60.3,54,2879,6.53,6.5,3.93
"920",0.72,"Fair","F","VS1",56.9,69,2879,5.93,5.77,3.33
"921",0.72,"Ideal","F","VS1",62,56,2879,5.76,5.73,3.56
"922",0.92,"Very Good","J","SI2",58.7,61,2880,6.34,6.43,3.75
"923",0.74,"Very Good","D","SI1",63.9,57,2880,5.72,5.74,3.66
"924",0.7,"Ideal","H","VVS1",62,55,2881,5.74,5.71,3.55
"925",0.71,"Very Good","E","VS2",60,59,2881,5.84,5.83,3.5
"926",1.05,"Premium","H","I1",62,59,2881,6.5,6.47,4.02
"927",0.7,"Very Good","H","IF",62.8,56,2882,5.62,5.65,3.54
"928",0.54,"Ideal","F","VVS1",61.8,56,2882,5.23,5.26,3.24
"929",0.73,"Premium","F","VS2",59.9,58,2882,5.87,5.84,3.51
"930",0.88,"Fair","F","SI1",56.6,65,2882,6.39,6.32,3.6
"931",0.73,"Premium","F","VS2",58.7,57,2882,5.97,5.92,3.49
"932",0.72,"Ideal","D","SI1",61.8,56,2883,5.75,5.81,3.57
"933",0.9,"Good","H","SI2",62.7,64,2883,6.09,6,3.79
"934",0.9,"Fair","H","SI2",65,61,2883,6.01,5.96,3.89
"935",1.03,"Fair","I","SI2",65.3,55,2884,6.32,6.27,4.11
"936",0.84,"Very Good","F","SI1",63.8,57,2885,5.95,6,3.81
"937",1.01,"Premium","I","SI1",62.7,60,2885,6.36,6.27,3.96
"938",0.77,"Ideal","D","SI2",61.5,55,2885,5.9,5.93,3.64
"939",0.8,"Fair","E","SI1",56.3,63,2885,6.22,6.14,3.48
"940",0.9,"Fair","D","SI2",66.9,57,2885,6.02,5.9,3.99
"941",0.73,"Ideal","E","SI1",61.4,56,2886,5.79,5.81,3.56
"942",0.72,"Ideal","E","SI1",62.7,55,2886,5.64,5.69,3.55
"943",0.71,"Very Good","D","SI1",62.4,54,2887,5.71,5.79,3.59
"944",0.7,"Premium","E","VS1",62.6,59,2887,5.66,5.69,3.55
"945",0.79,"Ideal","I","VS1",61.7,59,2888,5.93,5.96,3.67
"946",0.72,"Very Good","G","VVS2",62.5,58,2889,5.68,5.72,3.56
"947",0.7,"Very Good","E","VS2",63.5,54,2889,5.62,5.66,3.58
"948",0.7,"Very Good","F","VS1",62.2,58,2889,5.64,5.75,3.54
"949",0.9,"Good","H","SI2",63.5,58,2889,6.09,6.14,3.88
"950",0.71,"Very Good","F","VS1",62.8,56,2889,5.69,5.72,3.58
"951",0.5,"Ideal","E","VVS2",62.2,54,2889,5.08,5.12,3.17
"952",0.5,"Ideal","E","VVS2",62.2,54,2889,5.09,5.11,3.17
"953",0.74,"Ideal","F","SI1",61.2,56,2889,5.83,5.87,3.58
"954",0.77,"Premium","F","VS2",61.8,56,2889,5.94,5.9,3.66
"955",0.77,"Premium","E","SI1",59.8,61,2889,5.99,5.95,3.57
"956",0.8,"Ideal","F","SI1",61.5,54,2890,6.07,6,3.71
"957",0.8,"Ideal","F","SI1",62.4,57,2890,5.9,5.87,3.67
"958",0.8,"Premium","F","SI1",61.5,60,2890,5.97,5.94,3.66
"959",0.8,"Good","F","SI1",63.8,59,2890,5.87,5.83,3.73
"960",0.66,"Ideal","G","VVS1",61.5,56,2890,5.61,5.58,3.44
"961",0.71,"Very Good","E","VS2",61.2,58,2891,5.71,5.79,3.52
"962",0.71,"Ideal","F","VS2",61.2,56,2891,5.73,5.77,3.52
"963",0.71,"Ideal","E","VS2",61.6,56,2891,5.74,5.76,3.54
"964",0.71,"Ideal","E","VS2",62.7,56,2891,5.71,5.75,3.59
"965",0.72,"Ideal","D","SI1",61.1,56,2891,5.78,5.81,3.54
"966",0.71,"Good","D","VS2",62.3,61,2891,5.7,5.73,3.56
"967",0.86,"Ideal","H","SI2",61.8,55,2892,6.12,6.14,3.79
"968",1.19,"Fair","H","I1",65.1,59,2892,6.62,6.55,4.29
"969",0.71,"Very Good","F","VS1",62.6,55,2893,5.66,5.71,3.56
"970",0.82,"Very Good","G","SI2",62.5,56,2893,5.99,6.04,3.76
"971",0.71,"Ideal","G","VVS2",61.5,57,2893,5.73,5.75,3.53
"972",0.75,"Ideal","F","VS2",62.5,57,2893,5.78,5.83,3.63
"973",0.7,"Very Good","H","VVS1",59.2,60,2893,5.87,5.78,3.45
"974",0.8,"Ideal","G","SI2",62.5,55,2893,5.89,5.92,3.69
"975",0.82,"Good","G","SI2",59.9,62,2893,6.02,6.04,3.61
"976",0.82,"Very Good","G","SI1",63.4,55,2893,6,5.93,3.78
"977",0.82,"Premium","G","SI1",59.9,59,2893,6.09,6.06,3.64
"978",0.81,"Very Good","E","SI2",62.4,57,2894,5.91,5.99,3.71
"979",0.81,"Ideal","G","SI2",62.2,57,2894,5.96,6,3.72
"980",0.76,"Ideal","F","SI1",61.4,56,2894,5.88,5.92,3.62
"981",0.71,"Very Good","G","VS2",60.9,56,2895,5.75,5.78,3.51
"982",0.7,"Very Good","F","VS1",61.8,59,2895,5.66,5.76,3.53
"983",0.7,"Ideal","G","VVS2",62.1,53,2895,5.71,5.75,3.56
"984",0.74,"Very Good","G","VS1",59.8,58,2896,5.85,5.89,3.51
"985",0.77,"Very Good","G","VS2",61.3,60,2896,5.81,5.91,3.59
"986",0.77,"Very Good","G","VS2",58.3,63,2896,6,6.05,3.51
"987",0.53,"Ideal","F","VVS1",61.6,56,2896,5.18,5.24,3.21
"988",0.79,"Ideal","D","SI1",61.5,56,2896,5.91,5.96,3.65
"989",0.73,"Ideal","E","SI2",61.5,55,2896,5.82,5.86,3.59
"990",0.77,"Ideal","D","SI2",62.1,56,2896,5.83,5.89,3.64
"991",0.77,"Premium","E","SI1",60.9,58,2896,5.94,5.88,3.6
"992",1.01,"Very Good","I","I1",63.1,57,2896,6.39,6.35,4.02
"993",1.01,"Ideal","I","I1",61.5,57,2896,6.46,6.45,3.97
"994",0.6,"Very Good","D","VVS2",60.6,57,2897,5.48,5.51,3.33
"995",0.76,"Premium","E","SI1",61.1,58,2897,5.91,5.85,3.59
"996",0.54,"Ideal","D","VVS2",61.4,52,2897,5.3,5.34,3.26
"997",0.72,"Ideal","E","SI1",62.5,55,2897,5.69,5.74,3.57
"998",0.72,"Good","F","VS1",59.4,61,2897,5.82,5.89,3.48
"999",0.74,"Premium","D","VS2",61.8,58,2897,5.81,5.77,3.58
"1000",1.12,"Premium","J","SI2",60.6,59,2898,6.68,6.61,4.03
"1001",0.75,"Ideal","D","SI1",62.3,55,2898,5.83,5.8,3.62
"1002",0.77,"Ideal","D","SI1",62.6,57,2898,5.92,5.81,3.67
"1003",0.98,"Good","H","SI2",57.9,56,2898,6.51,6.47,3.76
"1004",0.79,"Ideal","G","SI1",61.1,57,2898,5.98,5.93,3.64
"1005",0.79,"Ideal","G","SI1",62.3,57,2898,5.9,5.85,3.66
"1006",0.79,"Ideal","G","SI1",62.3,57,2898,5.9,5.85,3.66
"1007",0.79,"Ideal","G","SI1",62.3,57,2898,5.9,5.85,3.66
"1008",0.79,"Ideal","G","SI1",62.3,57,2898,5.9,5.85,3.66
"1009",0.79,"Ideal","G","SI1",62.3,57,2898,5.9,5.85,3.66
"1010",0.7,"Good","G","VVS1",59.9,61,2899,5.75,5.81,3.46
"1011",0.7,"Very Good","F","SI1",61.9,58,2900,5.71,5.72,3.54
"1012",0.72,"Premium","D","VS1",62.7,58,2900,5.68,5.65,3.55
"1013",0.8,"Premium","F","SI1",62.7,58,2901,5.91,5.93,3.71
"1014",0.81,"Ideal","E","SI2",63,56,2901,5.95,5.9,3.73
"1015",0.81,"Premium","E","SI2",62.5,59,2901,5.97,5.9,3.71
"1016",0.74,"Ideal","E","VS2",61.9,57,2901,5.81,5.78,3.59
"1017",0.73,"Premium","E","VS2",62,60,2902,5.76,5.73,3.56
"1018",0.73,"Ideal","E","VS2",61.4,55,2902,5.82,5.8,3.57
"1019",0.75,"Ideal","G","SI1",61.6,55,2902,5.82,5.86,3.6
"1020",0.71,"Fair","E","VS2",64.6,59,2902,5.62,5.59,3.62
"1021",0.71,"Premium","E","VS2",59.6,60,2902,5.85,5.8,3.47
"1022",0.75,"Premium","D","SI1",62.8,60,2903,5.78,5.74,3.62
"1023",0.75,"Ideal","D","SI1",62.3,57,2903,5.83,5.8,3.62
"1024",0.72,"Ideal","D","SI1",61.9,55,2903,5.78,5.75,3.57
"1025",0.72,"Premium","D","SI1",61.4,59,2903,5.79,5.71,3.53
"1026",0.72,"Premium","E","VS2",61.1,59,2903,5.8,5.75,3.53
"1027",0.79,"Very Good","F","SI1",63,54,2904,5.91,5.94,3.73
"1028",0.79,"Very Good","D","SI2",62.8,57,2904,5.85,5.9,3.69
"1029",0.7,"Very Good","E","VS1",58.4,59,2904,5.83,5.91,3.43
"1030",0.62,"Ideal","E","VVS2",62,56,2904,5.48,5.52,3.41
"1031",0.7,"Very Good","G","VVS2",59.3,62,2905,5.78,5.82,3.44
"1032",0.7,"Very Good","G","VVS2",63.4,59,2905,5.62,5.64,3.57
"1033",0.7,"Very Good","G","VVS2",63.3,59,2905,5.59,5.62,3.55
"1034",0.71,"Very Good","G","VS2",62.1,58,2905,5.65,5.71,3.53
"1035",0.86,"Very Good","I","VS1",61.2,58,2905,6.1,6.16,3.75
"1036",0.53,"Ideal","D","VVS1",62.5,54,2905,5.16,5.21,3.24
"1037",0.91,"Very Good","J","SI1",63.5,58,2905,6.17,6.12,3.9
"1038",0.95,"Good","I","SI2",63.8,57,2905,6.23,6.13,3.94
"1039",0.91,"Premium","J","SI1",62.8,59,2905,6.19,6.14,3.87
"1040",0.74,"Very Good","D","VS2",62.4,57,2906,5.74,5.8,3.6
"1041",0.8,"Ideal","I","VS1",62.2,58,2906,5.92,5.95,3.69
"1042",0.74,"Good","E","SI1",62.8,61,2906,5.74,5.76,3.61
"1043",0.61,"Ideal","E","VVS2",62.4,53.9,2907,5.42,5.43,3.38
"1044",0.61,"Ideal","E","VVS2",62.4,53.6,2907,5.42,5.45,3.39
"1045",0.61,"Ideal","E","VVS2",62.1,54.2,2907,5.43,5.45,3.38
"1046",0.72,"Ideal","H","VVS1",62.8,57,2907,5.68,5.72,3.58
"1047",0.7,"Ideal","F","VS2",62.3,53,2907,5.69,5.73,3.56
"1048",0.71,"Ideal","F","VS1",61.9,56,2907,5.7,5.74,3.54
"1049",0.79,"Ideal","G","SI1",60.3,60,2907,5.98,6.02,3.62
"1050",0.72,"Ideal","E","SI1",62.6,56,2907,5.7,5.73,3.58
"1051",0.33,"Ideal","G","SI2",62.9,55,557,4.46,4.41,2.79
"1052",0.39,"Ideal","H","SI2",61.5,57,558,4.66,4.7,2.88
"1053",0.32,"Ideal","D","SI1",61.3,55,558,4.41,4.46,2.72
"1054",0.25,"Premium","F","VS1",61.2,59,558,4.05,4.02,2.47
"1055",0.25,"Good","F","VS1",63.6,57,558,4.04,4.01,2.56
"1056",0.25,"Premium","E","VS1",60.7,59,558,4.13,4.11,2.5
"1057",0.25,"Premium","E","VS1",61.5,60,558,4.04,4.02,2.48
"1058",0.31,"Premium","I","VS2",60.8,58,558,4.37,4.34,2.65
"1059",0.31,"Premium","I","VS2",59.8,60,558,4.42,4.38,2.63
"1060",0.31,"Very Good","I","VS2",63.2,55,558,4.4,4.3,2.75
"1061",0.31,"Premium","I","VS2",62.3,57,558,4.35,4.32,2.7
"1062",0.31,"Premium","H","SI1",58.7,60,558,4.47,4.43,2.61
"1063",0.31,"Premium","H","SI1",62.7,58,558,4.34,4.31,2.71
"1064",0.31,"Ideal","E","SI2",61.7,56,558,4.4,4.35,2.7
"1065",0.31,"Ideal","E","SI2",60.1,57,558,4.44,4.41,2.66
"1066",0.31,"Ideal","E","SI2",61.3,55,558,4.37,4.34,2.67
"1067",0.31,"Premium","I","VS2",60.8,60,558,4.42,4.37,2.67
"1068",0.31,"Ideal","I","VS2",59.9,57,558,4.4,4.38,2.63
"1069",0.31,"Premium","I","VS2",59.9,60,558,4.44,4.41,2.65
"1070",0.31,"Premium","I","VS2",61.1,58,558,4.38,4.36,2.67
"1071",0.31,"Premium","I","VS2",60.7,61,558,4.34,4.32,2.63
"1072",0.31,"Very Good","I","VS2",63.1,54,558,4.34,4.31,2.73
"1073",0.31,"Premium","I","VS2",62.3,60,558,4.32,4.31,2.69
"1074",0.31,"Premium","H","SI1",61.7,59,558,4.39,4.36,2.7
"1075",0.31,"Premium","H","SI1",61,61,558,4.39,4.33,2.66
"1076",0.31,"Good","H","SI1",63.6,57,558,4.31,4.28,2.73
"1077",0.31,"Premium","H","SI1",62.4,57,558,4.35,4.31,2.7
"1078",0.31,"Premium","H","SI1",62.8,58,558,4.32,4.28,2.7
"1079",0.31,"Ideal","H","SI1",62.9,56,558,4.31,4.27,2.7
"1080",0.31,"Premium","E","SI2",60.9,60,558,4.38,4.35,2.66
"1081",0.82,"Very Good","H","SI1",63.6,56,2908,5.9,5.95,3.77
"1082",0.73,"Ideal","I","VS1",61.5,55,2908,5.8,5.84,3.58
"1083",0.7,"Premium","D","VS2",61,60,2909,5.75,5.7,3.49
"1084",0.7,"Premium","D","VS2",60.9,57,2909,5.71,5.69,3.47
"1085",0.71,"Ideal","H","VS1",61.2,56,2909,5.76,5.81,3.54
"1086",0.71,"Ideal","H","VS1",61.9,56,2909,5.7,5.74,3.54
"1087",0.9,"Ideal","I","SI2",61.9,57,2909,6.19,6.13,3.81
"1088",0.71,"Very Good","D","VS1",62.9,57,2910,5.6,5.66,3.54
"1089",1.05,"Premium","I","SI2",58.3,57,2911,6.72,6.67,3.9
"1090",0.59,"Ideal","E","VVS2",61.1,57,2911,5.39,5.41,3.3
"1091",0.71,"Ideal","G","VS2",60.6,56,2911,5.76,5.8,3.5
"1092",0.77,"Good","F","VS2",60.3,61,2911,5.89,5.96,3.57
"1093",0.73,"Good","E","VS2",64.2,54,2912,5.68,5.72,3.66
"1094",0.7,"Good","E","VS2",58.7,63,2912,5.69,5.73,3.35
"1095",0.73,"Good","E","VS2",63.2,56,2912,5.75,5.76,3.64
"1096",0.8,"Premium","E","SI1",61.2,60,2912,5.97,5.95,3.65
"1097",1,"Fair","H","SI2",65.2,54,2912,6.3,6.22,4.08
"1098",1,"Fair","I","SI1",66,56,2912,6.31,6.24,4.13
"1099",1,"Fair","H","SI2",67,55,2912,6.25,6.12,4.16
"1100",0.7,"Very Good","D","VS2",60.7,60,2913,5.72,5.74,3.48
"1101",0.71,"Premium","D","SI1",61.4,58,2913,5.75,5.79,3.54
"1102",0.71,"Premium","G","SI2",60.8,59,2913,5.7,5.74,3.48
"1103",0.71,"Premium","D","SI1",60.6,58,2913,5.77,5.79,3.5
"1104",0.71,"Very Good","D","SI1",61.7,56,2913,5.68,5.8,3.54
"1105",0.71,"Ideal","D","SI1",61.7,57,2913,5.7,5.75,3.53
"1106",0.71,"Premium","D","SI1",59.7,59,2913,5.8,5.82,3.47
"1107",0.91,"Premium","I","SI2",62,59,2913,6.18,6.23,3.85
"1108",0.83,"Premium","E","SI1",62.2,59,2913,6.05,5.97,3.74
"1109",0.85,"Ideal","G","SI2",62,57,2913,6.1,6.02,3.76
"1110",0.8,"Very Good","F","SI1",63.5,55,2914,5.86,5.89,3.73
"1111",0.73,"Ideal","E","SI1",61.4,58,2914,5.76,5.8,3.55